battery_id,cycle_index,capacity_ah,soh_pct,internal_resistance,avg_temp,max_temp,duration_mins
B0025,3,1.847011162956716,92.3505581478358,0,33.13281956573637,41.81748104839704,108.59036666666677
B0025,5,1.8485654344528386,92.42827172264192,0,32.848310333012144,41.504410609595574,108.60365
B0025,7,1.847111177186175,92.35555885930876,0,33.07297579198606,41.670776193570134,108.15833333333333
B0025,9,1.8489837601535537,92.44918800767769,0,33.12836651135456,41.58349706133725,107.85416666666667
B0025,11,1.8370120718560439,91.85060359280219,0,33.20066590827124,41.82908827830225,107.77786666666665
B0025,15,1.817549211247137,90.87746056235684,0,32.8030291471027,41.15307253815554,106.84453333333333
B0025,19,1.839863822522073,91.99319112610365,0,32.70663040910488,41.167510218490015,107.90259999999999
B0025,22,1.8430595619731431,92.15297809865716,0,32.88774741633189,41.40744159178738,107.67916666666666
B0025,24,1.8401871729536057,92.00935864768029,0,32.85054388832057,41.089112912518665,107.48178333333334
B0025,26,1.8281265632888257,91.40632816444129,0,33.21344988692114,41.56081694228564,107.45208333333333
B0025,30,1.8253563336445804,91.26781668222903,0,32.54793058844526,41.027186904575295,107.18698333333333
B0025,34,1.8214180552626154,91.07090276313076,0,32.95568065114475,41.20659187421087,107.37005
B0025,36,1.830315627968932,91.5157813984466,0,33.31259035127085,41.458124206642374,107.11798333333333
B0025,38,1.8175491643824844,90.87745821912422,0,33.27639301328207,41.50830652935,106.9526
B0025,40,1.810901200296979,90.54506001484896,0,33.13052620279671,41.369681799861574,106.64845
B0025,42,1.8083032603084233,90.41516301542116,0,33.262538649813465,41.46226760798129,106.4125
B0025,46,1.7928016149381065,89.64008074690533,0,33.455906862521594,41.32045149274522,104.73438333333334
B0025,50,1.812563150045885,90.62815750229424,0,33.359161719231366,41.29100352861782,106.18228333333342
B0025,52,1.807772607491239,90.38863037456196,0,33.19907517017467,41.08913600776219,105.99686666666666
B0025,54,1.8048055175003972,90.24027587501986,0,33.10915637159371,41.020672808164036,105.76926666666667
B0025,56,1.800538555899242,90.02692779496209,0,32.8730319628199,40.73588950026045,105.46953333333333
B0025,58,1.7942356098033032,89.71178049016515,0,32.8903015920882,40.76227622359968,105.43436666666666
B0025,65,1.807409052434889,90.37045262174445,0,32.07013291213046,39.71112605386658,105.88071666666666
B0025,67,1.7902504816962075,89.51252408481038,0,32.18349666127279,39.797043058510575,105.15286666666677
B0025,69,1.7961223845359495,89.80611922679748,0,32.133961271398654,39.64019141128942,104.73828333333333
B0025,71,1.7912236690350776,89.56118345175388,0,32.19734869129393,39.75344188854835,104.43281666666667
B0025,73,1.7854822365303245,89.27411182651622,0,32.128660226085096,39.57317189988566,104.44401666666666
B0025,77,1.7677890780323617,88.38945390161808,0,32.16680073898097,39.45687787991913,103.3125
B0026,3,1.8132504303869899,90.6625215193495,0,32.764485625071856,40.711455499237935,108.59036666666677
B0026,5,1.8149760087078302,90.7488004353915,0,32.560591865941106,40.56984371986605,108.60365
B0026,7,1.8135354175561993,90.67677087780996,0,32.70948277164228,40.420735413096146,108.15833333333333
B0026,9,1.815149273310334,90.7574636655167,0,32.89402601565415,40.839359753382105,107.85416666666667
B0026,11,1.8142913014068198,90.714565070341,0,32.88851048708752,40.762597974826,107.77786666666665
B0026,15,1.3863373424430125,69.31686712215063,0,31.60887613480477,39.78739652537364,106.84453333333333
B0026,19,1.8165277958816064,90.82638979408031,0,32.4909596779559,40.12859054534907,107.90259999999999
B0026,22,1.8085638576011063,90.42819288005532,0,32.63416073863936,40.39287009990307,107.67916666666666
B0026,24,1.804936077644182,90.24680388220911,0,32.646683898798194,40.37811271633581,107.48178333333334
B0026,26,1.8049315924982108,90.24657962491054,0,32.95341147758712,40.6345527951007,107.45208333333333
B0026,30,1.717679232699393,85.88396163496965,0,32.14122281811958,40.0980220096873,107.18698333333333
B0026,34,1.809804813280106,90.4902406640053,0,32.73498021932445,40.34748376711444,107.37005
B0026,36,1.806556213274488,90.32781066372439,0,33.0777254348539,40.655125518765814,107.11798333333333
B0026,38,1.7938155707698507,89.69077853849254,0,33.067457381369145,40.78648924035223,106.9526
B0026,40,1.799304949381792,89.9652474690896,0,32.902717226956746,40.64545029611132,106.64845
B0026,42,1.7842197448470132,89.21098724235065,0,33.04143942038261,40.753548433947245,106.4125
B0026,46,1.6818819918515189,84.09409959257594,0,33.28920270851618,40.90407080657346,104.73438333333334
B0026,50,1.8007519383961936,90.03759691980969,0,33.31828122927918,40.760169873884465,106.18228333333342
B0026,52,1.795972684272296,89.7986342136148,0,33.24546150252619,40.86760057065783,105.99686666666666
B0026,54,1.7931026940553298,89.65513470276649,0,33.19381621015531,40.845772478695196,105.76926666666667
B0026,56,1.8010267542068712,90.05133771034356,0,32.950371591621256,40.61328442378913,105.46953333333333
B0026,58,1.7824572301269948,89.12286150634974,0,32.98142836772341,40.55411444614823,105.43436666666666
B0026,65,1.7959303030608789,89.79651515304394,0,32.285643510120714,39.89740047610024,105.88071666666666
B0026,67,1.7783142127341003,88.91571063670501,0,32.40988062398286,40.148009555945954,105.15286666666677
B0026,69,1.771719092984802,88.5859546492401,0,32.395070835603484,40.16428171644192,104.73828333333333
B0026,71,1.7790749489536772,88.95374744768387,0,32.48055490141574,40.348229188960836,104.43281666666667
B0026,73,1.7733229782464675,88.66614891232338,0,32.39831599080119,40.155136061235744,104.44401666666666
B0026,77,1.768754111010884,88.4377055505442,0,32.5316653403438,40.014600736484276,103.3125
B0027,3,1.8233077742149364,91.16538871074683,0,33.531461449042084,42.07194057268294,108.59036666666677
B0027,5,1.8142384651167962,90.7119232558398,0,33.768115475386416,42.526459613766654,108.60365
B0027,7,1.8128596793130867,90.64298396565434,0,34.0575363030056,42.65704114936764,108.15833333333333
B0027,9,1.8144242446739973,90.72121223369987,0,34.34311925332076,43.07456793109374,107.85416666666667
B0027,11,1.812800333853042,90.6400166926521,0,34.3900563067441,43.12836631992577,107.77786666666665
B0027,15,1.7946038703195293,89.73019351597647,0,34.16207101391941,42.9279467397339,106.84453333333333
B0027,19,1.816519171293833,90.82595856469165,0,33.65117316898919,42.344909658609986,107.90259999999999
B0027,22,1.8198335565190242,90.99167782595121,0,33.993154419553875,42.501459218547076,107.67916666666666
B0027,24,1.816980986440728,90.84904932203641,0,34.121102900157744,42.75456095698592,107.48178333333334
B0027,26,1.8047602710768988,90.23801355384494,0,34.521504581092735,43.208685492251035,107.45208333333333
B0027,30,1.8021778881408677,90.10889440704338,0,33.91883669839733,42.59572185384836,107.18698333333333
B0027,34,1.810054375611175,90.50271878055875,0,34.203791109857484,42.63365730314649,107.37005
B0027,36,1.8191618703574552,90.95809351787277,0,34.48622307207774,42.89197473994752,107.11798333333333
B0027,38,1.806344581230731,90.31722906153655,0,34.40141739485763,42.736703039205324,106.9526
B0027,40,1.8120006378747944,90.60003189373973,0,34.3150259504104,42.71819238433457,106.64845
B0027,42,1.809238569578753,90.46192847893765,0,34.450526992415796,42.87852551010068,106.4125
B0027,46,1.7820717716005336,89.10358858002668,0,34.741504044616725,42.99196482622249,104.73438333333334
B0027,50,1.8145504562341046,90.72752281170523,0,34.663008920131865,42.920147884014575,106.18228333333342
B0027,52,1.809153485164282,90.4576742582141,0,34.47643463041281,42.77821015998406,105.99686666666666
B0027,54,1.8065551508093707,90.32775754046854,0,34.45771838499012,42.71393681070588,105.76926666666667
B0027,56,1.802401655959492,90.1200827979746,0,34.276431502022604,42.66066961608101,105.46953333333333
B0027,58,1.7964331683322998,89.821658416615,0,34.35292925698558,42.64239690775237,105.43436666666666
B0027,65,1.8088036930508289,90.44018465254145,0,33.64812848797218,41.86831727976231,105.88071666666666
B0027,67,1.7915527748749653,89.57763874374827,0,33.75077258934032,41.97207960495628,105.15286666666677
B0027,69,1.7853375192239571,89.26687596119785,0,33.72038549007088,41.92250461031742,104.73828333333333
B0027,71,1.793209210325309,89.66046051626545,0,33.812030459081335,42.14300769699952,104.43281666666667
B0027,73,1.7873097711102113,89.36548855551057,0,33.79680193008211,42.43039551713637,104.44401666666666
B0027,77,1.7700926253324452,88.50463126662225,0,33.92036482801563,42.033372446715575,103.3125
B0028,3,1.8046847720100736,90.23423860050369,0,30.261078788805897,31.679728237853865,108.59036666666677
B0028,5,1.8047833214525881,90.2391660726294,0,30.023214006195516,31.42728999177483,108.60365
B0028,7,1.797618668222458,89.8809334111229,0,30.21665562692593,31.694210133469813,108.15833333333333
B0028,9,1.7929913687761174,89.64956843880587,0,30.363564779968748,31.849947051821633,107.85416666666667
B0028,11,1.7919180081592216,89.59590040796108,0,30.383708693138953,31.891976600913974,107.77786666666665
B0028,15,1.775026135903797,88.75130679518986,0,30.151543075778466,31.647839531181656,106.84453333333333
B0028,19,1.7920487852223415,89.60243926111707,0,29.942877366572425,31.66717160096336,107.90259999999999
B0028,22,1.790475801581265,89.52379007906325,0,30.159672019699293,31.543075306784417,107.67916666666666
B0028,24,1.7868365091987264,89.34182545993632,0,30.18503729745987,31.63889282611546,107.48178333333334
B0028,26,1.7871529619962185,89.35764809981093,0,30.557366977302667,32.06283964981591,107.45208333333333
B0028,30,1.7816340617009505,89.08170308504752,0,29.87809290999813,31.17821904490572,107.18698333333333
B0028,34,1.7850235136604733,89.25117568302366,0,30.329541918405045,31.830430244172504,107.37005
B0028,36,1.7803865429693038,89.0193271484652,0,30.67805955282036,32.176676996947776,107.11798333333333
B0028,38,1.7789060856417256,88.94530428208628,0,30.61748146501738,32.101579055970326,106.9526
B0028,40,1.7738387518973049,88.69193759486524,0,30.47693232752601,31.927225800846255,106.64845
B0028,42,1.769682881523146,88.4841440761573,0,30.59851621920085,32.17577171129977,106.4125
B0028,46,1.7408787283206992,87.04393641603497,0,31.100240402928506,32.50607956309833,104.73438333333334
B0028,50,1.7648189744011906,88.24094872005954,0,30.938169249041685,32.36361154404582,106.18228333333342
B0028,52,1.7617857390844023,88.08928695422011,0,30.779624907003203,32.23987480909281,105.99686666666666
B0028,54,1.75770610357021,87.88530517851049,0,30.70960684046627,32.1209393902127,105.76926666666667
B0028,56,1.7519375960601256,87.59687980300627,0,30.47705959403915,31.876773372691297,105.46953333333333
B0028,58,1.7521244035832177,87.60622017916089,0,30.54925924889458,32.13891568195097,105.43436666666666
B0028,65,1.7597714133989641,87.9885706699482,0,29.858081061792472,31.30995086456362,105.88071666666666
B0028,67,1.7483011320324189,87.41505660162095,0,29.92749751367273,31.443900397243077,105.15286666666677
B0028,69,1.7411482627836237,87.05741313918118,0,29.887309173794996,31.383820135357173,104.73828333333333
B0028,71,1.7363833316311177,86.81916658155589,0,29.974612767860144,31.360116664622666,104.43281666666667
B0028,73,1.736559066269527,86.82795331347634,0,29.928807475767645,31.44534438395542,104.44401666666666
B0028,77,1.7172335652295245,85.86167826147623,0,30.029795182593666,31.550251048213177,103.3125
B0029,1,1.697507332205763,84.87536661028815,0,51.631545591665024,58.72626885895911,26.205983333333332
B0029,3,1.844701206961174,92.2350603480587,0,52.84944288631656,59.76796387174703,28.721349999999997
B0029,5,1.8254376674722927,91.27188337361464,0,52.905865867265994,59.844347317645614,28.431766666666665
B0029,7,1.815750429913437,90.78752149567185,0,52.90438507577814,59.9199472840752,28.294800000000002
B0029,9,1.8132993337127028,90.66496668563514,0,52.87534956891003,59.89475354681757,28.101566666666667
B0029,13,1.8151647619660576,90.75823809830288,0,52.762650424805656,59.588132364640614,27.97605
B0029,15,1.8143317955190057,90.71658977595028,0,52.78843384352056,59.81336613073259,27.957816666666666
B0029,17,1.801343601809866,90.06718009049331,0,52.7841972696045,59.75433532594285,27.768216666666667
B0029,19,1.7881558802945825,89.40779401472912,0,52.751738383515125,59.7737242563152,27.572133333333333
B0029,21,1.7760714604539518,88.80357302269759,0,52.7506031720156,59.800107348599425,27.396866666666664
B0029,25,1.7852807447597443,89.26403723798721,0,52.76187024768883,59.92418745751934,27.537766666666666
B0029,27,1.7698116401111978,88.49058200555989,0,52.810328108304326,60.120904895462246,27.477866666666667
B0029,29,1.7565231680521758,87.82615840260878,0,52.803620504971605,60.159083367849426,27.28281666666667
B0029,31,1.7543413277348154,87.71706638674077,0,52.774286568476356,60.033062355018394,27.08645
B0029,33,1.7392875506998715,86.96437753499357,0,52.80429201579515,60.155675284547456,27.0336
B0029,37,1.7797845109331345,88.98922554665673,0,52.721179096315566,59.708263302408355,27.307033333333333
B0029,39,1.7657088508465202,88.28544254232601,0,52.76566676387698,59.826072535975634,27.440633333333334
B0029,41,1.7523941408724169,87.61970704362085,0,52.80160858510679,59.97193555147316,27.246083333333335
B0029,43,1.7380191225603105,86.90095612801552,0,52.76338281760698,59.90509096707212,27.0336
B0029,45,1.7312214443143976,86.56107221571988,0,52.793663259837146,60.003884509148,26.9375
B0029,49,1.7379128985265808,86.89564492632904,0,52.75741582344694,60.25771781052726,27.036966666666668
B0029,51,1.7224270683625882,86.12135341812942,0,52.866554147425745,59.90492726798961,26.994266666666665
B0029,53,1.7184213765608034,85.92106882804018,0,52.88238533970063,60.33243416075105,26.758066666666664
B0029,55,1.7010220930648232,85.05110465324115,0,52.89174684629843,59.986696705381924,26.679166666666667
B0029,57,1.693698739563104,84.6849369781552,0,52.86276331800625,59.99528714045464,26.583333333333332
B0029,61,1.713072721286705,85.65363606433525,0,52.85514927949408,59.98821696841703,26.8737
B0029,63,1.6976972688567131,84.88486344283565,0,52.84555100149494,60.01985635641876,26.649483333333333
B0029,65,1.6899314034061208,84.49657017030604,0,52.82153486606997,60.26410091872941,26.53645
B0029,67,1.685023551367069,84.25117756835346,0,52.81580315824478,59.92046248220958,26.2914
B0029,69,1.678389965463405,83.91949827317025,0,52.80521928839473,59.887692512983016,26.19245
B0029,73,1.6737947494868326,83.68973747434163,0,52.80312343851032,60.158935395611046,26.308066666666665
B0029,75,1.6687898927884715,83.43949463942357,0,52.85759471288148,60.047482357880945,26.24115
B0029,77,1.6492566306631427,82.46283153315713,0,52.85638451770691,60.167863371476415,26.138016666666665
B0029,79,1.6409676757039668,82.04838378519834,0,52.882092513244274,60.09738415148209,26.0237
B0029,81,1.6456360229757092,82.28180114878546,0,52.87120880021078,60.02940147619038,25.9039
B0029,85,1.654547743574037,82.72738717870185,0,52.8949932373189,60.33090148423857,26.2289
B0029,87,1.6461201520877546,82.30600760438773,0,52.90577737967025,59.88870262903497,26.10963333333333
B0029,89,1.6275119188151763,81.37559594075881,0,52.85049305569667,60.13011665786984,25.834116666666667
B0029,91,1.6200530533464497,81.00265266732248,0,52.93318563948955,60.20528139553767,25.727333333333334
B0029,93,1.612079811711934,80.60399058559669,0,52.91920185424772,60.24494659507955,25.613016666666667
B0030,1,1.6560706096175404,82.80353048087701,0,52.450611378612734,61.11438949471705,26.205983333333332
B0030,3,1.7815548749509116,89.07774374754558,0,54.113241117794225,61.9990871891876,28.721349999999997
B0030,5,1.761969227822918,88.0984613911459,0,54.157828260748424,61.89071493502735,28.431766666666665
B0030,7,1.751755031874225,87.58775159371125,0,54.212018750385205,62.214205409958005,28.294800000000002
B0030,9,1.7381688070362076,86.90844035181038,0,54.19837692352459,62.31179793095802,28.101566666666667
B0030,13,1.7506745293461339,87.53372646730669,0,54.14161744851121,62.29994268441351,27.97605
B0030,15,1.7491047649061158,87.4552382453058,0,54.21167948917778,62.48134926186261,27.957816666666666
B0030,17,1.7252544028765475,86.26272014382738,0,54.18634900836399,62.158212651524295,27.768216666666667
B0030,19,1.7112621367644252,85.56310683822126,0,54.15360140656882,62.11029841216025,27.572133333333333
B0030,21,1.6990418392711273,84.95209196355637,0,54.168189231806274,62.21537292970592,27.396866666666664
B0030,25,1.7185770039532977,85.92885019766489,0,54.22057063412252,62.42078136779365,27.537766666666666
B0030,27,1.70324722921867,85.1623614609335,0,54.24400266886001,62.42541404009337,27.477866666666667
B0030,29,1.689458044662304,84.47290223311519,0,54.24150010859244,62.43136471336018,27.28281666666667
B0030,31,1.6756136292719177,83.78068146359588,0,54.183697227073836,62.27459158639179,27.08645
B0030,33,1.6718407140871654,83.59203570435827,0,54.228866401573256,62.57843700986901,27.0336
B0030,37,1.7233056681204446,86.16528340602223,0,54.15865206479903,62.47198799326229,27.307033333333333
B0030,39,1.709207290507283,85.46036452536416,0,54.242750421230845,62.678287399200066,27.440633333333334
B0030,41,1.684001734344571,84.20008671722854,0,54.26601179807604,62.48426799373123,27.246083333333335
B0030,43,1.66898698813004,83.44934940650201,0,54.24164371768822,62.520660259063135,27.0336
B0030,45,1.6620689362837142,83.10344681418572,0,54.32282816477177,62.837923181745914,26.9375
B0030,49,1.6687049625248174,83.43524812624086,0,54.27566161448939,62.47596510401283,27.036966666666668
B0030,51,1.652762183550463,82.63810917752315,0,54.346520622463046,62.54340291733675,26.994266666666665
B0030,53,1.648481366235244,82.4240683117622,0,54.369563893787316,62.542537819338854,26.758066666666664
B0030,55,1.6307406443132095,81.53703221566047,0,54.38101073340462,62.633169726331985,26.679166666666667
B0030,57,1.62323023017929,81.1615115089645,0,54.366222070376075,62.63885708285674,26.583333333333332
B0030,61,1.6541906540394393,82.70953270197197,0,54.36082826974155,62.50972828784737,26.8737
B0030,63,1.638514396616985,81.92571983084925,0,54.329082038301124,62.41430430344205,26.649483333333333
B0030,65,1.618847673357618,80.9423836678809,0,54.350797312061744,62.71706660837061,26.53645
B0030,67,1.6134212267751404,80.67106133875703,0,54.30570319180817,62.554566036297686,26.2914
B0030,69,1.6066443601761986,80.33221800880993,0,54.311769035681074,62.48691429447336,26.19245
B0030,73,1.6138387876938998,80.69193938469499,0,54.31694947968931,62.59235284434121,26.308066666666665
B0030,75,1.596329501327274,79.81647506636371,0,54.37602664745592,62.84622214879507,26.24115
B0030,77,1.5890785867406987,79.45392933703494,0,54.40922760509475,63.0242156686281,26.138016666666665
B0030,79,1.5805481432309574,79.02740716154787,0,54.43118438830086,63.00027240816272,26.0237
B0030,81,1.5846131054270807,79.23065527135404,0,54.42543761419732,62.80130766887856,25.9039
B0030,85,1.5936651221220735,79.68325610610367,0,54.40878572720797,62.737405296482684,26.2289
B0030,87,1.5849874126960888,79.24937063480444,0,54.42284720424547,62.57852749153667,26.10963333333333
B0030,89,1.5787064969416462,78.93532484708231,0,54.38754363122996,62.84908045214772,25.834116666666667
B0030,91,1.570705516096967,78.53527580484835,0,54.45246463683033,62.7284644620379,25.727333333333334
B0030,93,1.562780404428482,78.1390202214241,0,54.41109814733754,62.69299470731855,25.613016666666667
B0031,1,1.6666751942525773,83.33375971262886,0,52.65501135302439,60.84632469517393,26.205983333333332
B0031,3,1.8328583629543174,91.64291814771587,0,53.97231092767106,61.81769411336386,28.721349999999997
B0031,5,1.8139835002945137,90.69917501472568,0,53.99108510894419,61.82805706187581,28.431766666666665
B0031,7,1.8044387333514835,90.22193666757417,0,53.996608338848425,61.95644236061217,28.294800000000002
B0031,9,1.802147684291295,90.10738421456475,0,53.954262670522155,62.099570509363424,28.101566666666667
B0031,13,1.7715647509798835,88.57823754899418,0,53.973288387308486,62.03750729435005,27.97605
B0031,15,1.8139928165779542,90.69964082889771,0,53.88993125496472,61.84294867967338,27.957816666666666
B0031,17,1.8013261041198854,90.06630520599427,0,53.87262295937195,61.837947652588504,27.768216666666667
B0031,19,1.7883722583933568,89.41861291966784,0,53.81893583109196,61.84646585876763,27.572133333333333
B0031,21,1.7765401657373159,88.82700828686579,0,53.82033376097016,61.76013798618494,27.396866666666664
B0031,25,1.7856209131823229,89.28104565911615,0,53.821133604090825,61.91960614794014,27.537766666666666
B0031,27,1.7813634036685941,89.0681701834297,0,53.81794815350033,61.86471031425517,27.477866666666667
B0031,29,1.7684898383971241,88.42449191985621,0,53.80194299620242,61.77393480386064,27.28281666666667
B0031,31,1.766505238291406,88.32526191457029,0,53.75880729814269,61.645390510898466,27.08645
B0031,33,1.751740527921767,87.58702639608835,0,53.78850848662172,61.88870329111738,27.0336
B0031,37,1.7352349314055016,86.76174657027508,0,53.8368863785077,61.98674236534618,27.307033333333333
B0031,39,1.7782778274549178,88.9138913727459,0,53.773379186088945,61.736554527800706,27.440633333333334
B0031,41,1.7649894859707393,88.24947429853697,0,53.77386924606414,61.822305205835185,27.246083333333335
B0031,43,1.762591283533551,88.12956417667756,0,53.754659591825344,61.702657378071684,27.0336
B0031,45,1.744314576121582,87.2157288060791,0,53.766677549195336,61.83339482415222,26.9375
B0031,49,1.7628373753518478,88.14186876759238,0,53.731744909320135,61.71886225058171,27.036966666666668
B0031,51,1.747857930947971,87.39289654739855,0,53.77927288646249,61.9456150656118,26.994266666666665
B0031,53,1.7441167338864993,87.20583669432497,0,53.77940592279519,61.68681561807962,26.758066666666664
B0031,55,1.7268422932817387,86.34211466408694,0,53.7498055148608,61.72142337926525,26.679166666666667
B0031,57,1.7203093493042265,86.01546746521133,0,53.75572683773813,61.922368397426354,26.583333333333332
B0031,61,1.7394245516699778,86.97122758349889,0,53.7542876562008,61.875049319197814,26.8737
B0031,63,1.7367384416372014,86.83692208186007,0,53.711431807207,61.49120341342234,26.649483333333333
B0031,65,1.716963468448543,85.84817342242715,0,53.69342764953342,61.70751319442212,26.53645
B0031,67,1.7127773558366357,85.63886779183179,0,53.61958378565316,61.49432037699378,26.2914
B0031,69,1.7061083466554066,85.30541733277033,0,53.633628437869824,61.505904797603456,26.19245
B0031,73,1.713732696207521,85.68663481037605,0,53.64298219337473,61.58650298757853,26.308066666666665
B0031,75,1.7093475797926974,85.46737898963487,0,53.640194623026446,61.668030365099106,26.24115
B0031,77,1.6901000454115587,84.50500227057793,0,53.65373339276206,61.83745125268187,26.138016666666665
B0031,79,1.6946883343387664,84.73441671693833,0,53.65355338521763,61.7791359328034,26.0237
B0031,81,1.687010991299212,84.3505495649606,0,53.647830742878845,61.63755727730526,25.9039
B0031,85,1.6957069027070075,84.78534513535038,0,53.654715008055895,61.76541153453152,26.2289
B0031,87,1.687696889615565,84.38484448077826,0,53.66098543950281,61.71412204720752,26.10963333333333
B0031,89,1.6819617127259294,84.09808563629647,0,53.59867010741405,61.46370523914892,25.834116666666667
B0031,91,1.6750033888978846,83.75016944489423,0,53.628910349751585,61.45868723262231,25.727333333333334
B0031,93,1.6672987794846676,83.36493897423338,0,53.61379694880726,61.44540062417477,25.613016666666667
B0032,1,1.7048641073512139,85.24320536756069,0,52.14812251926887,59.47600707924567,26.205983333333332
B0032,3,1.8940319526948572,94.70159763474287,0,53.49862731805315,60.121290886265,28.721349999999997
B0032,5,1.8747686491853095,93.73843245926548,0,53.56355547229223,60.28987126771494,28.431766666666665
B0032,7,1.8654947184112376,93.27473592056188,0,53.636497641934646,60.570618627724706,28.294800000000002
B0032,9,1.8527398169018068,92.63699084509034,0,53.66821955000141,60.444872622429784,28.101566666666667
B0032,13,1.844174397003866,92.2087198501933,0,53.78514931831166,60.80514996345169,27.97605
B0032,15,1.8430238477512753,92.15119238756377,0,53.80370465565283,60.791314861400984,27.957816666666666
B0032,17,1.8302818174911863,91.51409087455932,0,53.860865202701575,60.824534439051064,27.768216666666667
B0032,19,1.8173838456081814,90.86919228040907,0,53.86937461780675,60.93844327722512,27.572133333333333
B0032,21,1.8057992981104682,90.28996490552342,0,53.919241142689074,61.056928797496845,27.396866666666664
B0032,25,1.8149829605049186,90.74914802524593,0,54.04736439027926,61.26264235870029,27.537766666666666
B0032,27,1.7995150369321797,89.97575184660899,0,54.07432799473692,61.309095933731044,27.477866666666667
B0032,29,1.7866516942518147,89.33258471259073,0,54.13198237630402,61.35860964032413,27.28281666666667
B0032,31,1.7735550719416031,88.67775359708016,0,54.1706485784692,61.482188769123354,27.08645
B0032,33,1.769995333364443,88.49976666822215,0,54.230275057026425,61.558060893098116,27.0336
B0032,37,1.799526080374287,89.97630401871434,0,54.344649105313806,61.75555924618304,27.307033333333333
B0032,39,1.7968530684449833,89.84265342224916,0,54.34024033975075,61.788148736083365,27.440633333333334
B0032,41,1.7838265504081745,89.19132752040872,0,54.383818324015124,62.026796878552666,27.246083333333335
B0032,43,1.7696444491040102,88.48222245520051,0,54.44223460892958,62.05922080379437,27.0336
B0032,45,1.7512940457049684,87.56470228524842,0,54.47793957059441,61.81678431928173,26.9375
B0032,49,1.7697554297961993,88.48777148980996,0,54.522884319691855,62.13034562682843,27.036966666666668
B0032,51,1.7547726933914918,87.7386346695746,0,54.63737439274004,62.20855323363066,26.994266666666665
B0032,53,1.7389166355812984,86.94583177906492,0,54.626766126568995,62.27936068413306,26.758066666666664
B0032,55,1.7337200518764075,86.68600259382038,0,54.64310926864166,62.40536913200032,26.679166666666667
B0032,57,1.7150972597500092,85.75486298750046,0,54.70581681215588,62.216007793788314,26.583333333333332
B0032,61,1.7462926148815636,87.31463074407819,0,54.73634803491553,62.6157960112704,26.8737
B0032,63,1.719149261914565,85.95746309572824,0,54.729006905014316,62.26360588854172,26.649483333333333
B0032,65,1.711582246191498,85.5791123095749,0,54.73589338579687,62.42580063958537,26.53645
B0032,67,1.6951051195225901,84.7552559761295,0,54.73540508711326,62.5594040849182,26.2914
B0032,69,1.7005124371100973,85.02562185550487,0,54.74865999209295,62.582629376324434,26.19245
B0032,73,1.7080989351250158,85.4049467562508,0,54.78747299373422,62.57090441669303,26.308066666666665
B0032,75,1.691435430587127,84.57177152935635,0,54.781382520592445,62.42898686923908,26.24115
B0032,77,1.6844494328889932,84.22247164444966,0,54.78435229628446,62.43152363917722,26.138016666666665
B0032,79,1.664037581688075,83.20187908440376,0,54.845012944023324,62.5729328576623,26.0237
B0032,81,1.6686372014231974,83.43186007115987,0,54.84412055277582,62.57967644827836,25.9039
B0032,85,1.6899344075625968,84.49672037812984,0,54.916794359881244,62.96996562520999,26.2289
B0032,87,1.669431712846442,83.4715856423221,0,54.90429470994109,62.75574288944966,26.10963333333333
B0032,89,1.6634226761839213,83.17113380919606,0,54.85304065526831,62.70443033939053,25.834116666666667
B0032,91,1.6436152195947373,82.18076097973686,0,54.870101858468004,62.46020747529598,25.727333333333334
B0032,93,1.6358000873538245,81.79000436769122,0,54.9152115205818,62.789754357166764,25.613016666666667
B0033,0,0.06842572240601812,3.421286120300906,0,29.26541655615828,34.973341925251844,30.323433333333334
B0033,4,0.6895699007862814,34.47849503931407,0,32.82332257180906,47.876225604831575,54.34218333333333
B0033,6,1.1610848192311252,58.05424096155626,0,35.79329539654299,53.521374145800095,54.42916666666667
B0033,8,1.2529393053824995,62.646965269124976,0,36.38266836733648,53.59969491765948,54.40181666666667
B0033,10,1.302918002447558,65.1459001223779,0,36.45901475182768,53.81770081109488,54.225516666666664
B0033,12,1.3218773211472525,66.09386605736263,0,36.279780573622936,53.57104302015468,54.042966666666665
B0033,16,1.2884694418301417,64.42347209150708,0,36.16552578493363,54.60856796915766,53.91041666666667
B0033,18,1.713169326386719,85.65846631933594,0,39.93652051985124,54.191463730088664,53.92266666666667
B0033,20,1.6560966776720512,82.80483388360256,0,38.25328053802186,52.934331210631875,53.93541666666667
B0033,22,1.6197297341990775,80.98648670995388,0,37.62899446299115,52.5032036116964,53.8375
B0033,24,1.604655812282729,80.23279061413645,0,37.32713409422702,52.17652816361563,53.767966666666666
B0033,28,1.6255699769029337,81.27849884514669,0,37.40237649452651,52.04937847239831,53.74166666666667
B0033,30,1.5900967306245992,79.50483653122996,0,36.995742754141574,51.73549267436528,53.703133333333334
B0033,32,1.5739402299623984,78.69701149811992,0,36.85780455256667,51.66117418178819,53.60910000000003
B0033,34,1.5711303351557309,78.55651675778654,0,36.6450177655176,51.20270858784091,53.53098333333333
B0033,36,1.5897706153457416,79.48853076728707,0,37.06472736671567,51.54633126076106,53.59765
B0033,40,1.6257378771074,81.28689385537,0,37.66051476409482,51.68734548388082,53.75208333333333
B0033,42,1.6523506333962537,82.61753166981268,0,38.32310986221148,51.806645557310055,53.90571666666666
B0033,44,1.6143816761595386,80.71908380797693,0,37.01126182016034,51.013524625767204,53.6375
B0033,46,1.58697453394504,79.348726697252,0,36.45751890099188,50.612625791907234,53.391666666666666
B0033,48,1.5818355572787333,79.09177786393667,0,36.245832392874156,50.476231965221594,53.23983333333333
B0033,52,1.6919769406371152,84.59884703185577,0,38.88044910257506,52.80944186421341,53.75365
B0033,56,1.6879483800354476,84.39741900177238,0,37.68662439550755,52.001298745862094,54.21641666666667
B0033,58,1.6586223007531458,82.93111503765729,0,37.02885798715912,51.65598739515965,54.0875
B0033,60,1.6420179032789863,82.10089516394932,0,36.84829116229335,51.50939532095622,53.917183333333334
B0033,62,1.6381810791118743,81.90905395559372,0,36.78338270641005,51.25839715822789,53.802350000000004
B0033,64,1.6422892507912386,82.11446253956193,0,37.1454352740502,51.77188968997154,53.63125
B0033,68,1.651270876264092,82.5635438132046,0,37.43950673452506,51.73759469619592,53.670316666666665
B0033,70,1.6326559297917211,81.63279648958606,0,37.21232307005263,51.61243426951156,53.5039
B0033,72,1.6260888111680731,81.30444055840366,0,36.823942592131566,51.546238399221565,53.5091
B0033,74,1.6079292963823688,80.39646481911844,0,36.46405070511895,51.03143629880169,53.34948333333333
B0033,76,1.6125361114907395,80.62680557453697,0,36.76266900330653,51.41437811978397,53.14375
B0033,80,1.6218384168987892,81.09192084493945,0,37.105629207043215,51.44638168113912,53.19558333333334
B0033,82,1.6145443029101134,80.72721514550567,0,36.92446822577901,51.30248392082844,53.171883333333334
B0033,84,1.5953958917107596,79.76979458553798,0,36.60695698382364,51.29496206472584,53.03593333333333
B0033,86,1.5877243027113057,79.38621513556528,0,36.55039143131212,51.186634675664926,53.0026
B0033,88,1.5811840578305605,79.05920289152803,0,36.5823314777477,51.182616761589756,52.865883333333336
B0033,92,1.6128422608267754,80.64211304133877,0,38.03675863150647,52.16803502599322,53.202866666666665
B0033,94,1.61998606328022,80.99930316401101,0,38.760697217070216,52.74767841756611,53.245583333333336
B0033,96,1.6099381853611876,80.49690926805938,0,38.235160610115415,52.437956139686314,52.979166666666664
B0033,98,1.5770977539565159,78.85488769782579,0,37.20770413073148,51.81197793605918,52.75598333333333
B0033,100,1.5708599066554392,78.54299533277197,0,36.9160184906247,51.73653410504897,52.5875
B0033,104,1.6261581345348248,81.30790672674124,0,38.272310782775065,52.54160752520686,52.896100000000004
B0033,108,1.6348129972245726,81.74064986122863,0,39.10342018909909,53.32326193954195,53.32475
B0033,110,1.6117053637342613,80.58526818671307,0,38.33805950325132,52.66626648084271,53.26691666666667
B0033,112,1.8851401699720662,94.25700849860331,0,40.78203629126505,55.391416850220025,59.92135
B0033,116,1.6584957887780232,82.92478943890116,0,38.52395699562303,52.73529025292928,53.3
B0033,118,1.62418934644937,81.2094673224685,0,37.84185542205372,52.530629852108135,53.0586
B0033,120,1.6041720988563641,80.20860494281821,0,37.464100471383695,52.2186933985822,53.06328333333333
B0033,122,1.6080016740907346,80.40008370453673,0,38.110532137074216,52.72731536294026,53.19193333333333
B0033,124,1.6256752138435595,81.28376069217798,0,39.04860411133125,53.20573413452146,53.16641666666667
B0033,128,1.617632765910718,80.8816382955359,0,38.882226863166906,53.164414772235126,53.16223333333333
B0033,130,1.5973191489094263,79.86595744547131,0,38.10273900805949,52.600411784093296,52.9336
B0033,132,1.5875852250170606,79.37926125085303,0,37.91537679971282,52.46865748904612,52.856
B0033,134,1.5802530015403684,79.01265007701842,0,37.92480929373238,52.40979732740365,52.84738333333333
B0033,136,1.583036530487776,79.1518265243888,0,38.34698157796738,52.834042544635665,52.74453333333334
B0033,140,1.6027138832797037,80.13569416398518,0,39.30988108210959,53.601451975349555,52.95755
B0033,142,1.5930709154513834,79.65354577256917,0,38.964980792259276,53.25152711755672,52.87291666666667
B0033,144,1.5448888685020246,77.24444342510122,0,37.72135386687406,52.64070518740206,52.6401
B0033,146,1.5352188565640517,76.76094282820259,0,37.45856152891539,52.51312011499367,52.359633333333335
B0033,148,1.5252677314227332,76.26338657113666,0,37.2659552140469,52.3982280962388,52.30311666666667
B0033,152,1.5559492005453626,77.79746002726813,0,38.74887799470947,53.455944890050766,52.63281666666667
B0033,154,1.5648029438427147,78.24014719213574,0,39.69321386954275,54.15574298880717,52.65468333333333
B0033,156,1.5518620461881205,77.59310230940602,0,38.99544744527789,53.69393683990001,52.50625
B0033,158,1.5144550545105004,75.72275272552503,0,37.746988287643894,52.91956948214362,52.234633333333335
B0033,160,1.5051936202146428,75.25968101073214,0,37.50735630364932,52.77330169161603,52.16328333333333
B0033,164,1.605823969917045,80.29119849585224,0,38.883555668352116,53.75237854927132,52.698166666666665
B0033,168,1.6249005195877049,81.24502597938525,0,39.70651744278487,54.49882525049124,53.28098333333333
B0033,170,1.589785130036615,79.48925650183075,0,38.69688917568081,53.48032268666943,52.8651
B0033,172,1.5552386152299904,77.76193076149951,0,37.93115370815918,53.19212326974819,52.680716666666555
B0033,174,1.539756404636803,76.98782023184016,0,37.670702628979534,52.91631108720558,52.45235
B0033,176,1.5293174002138357,76.46587001069179,0,37.48833504505954,52.95164787724483,52.35338333333333
B0033,180,1.547680553576876,77.38402767884381,0,39.01194436489727,54.15703950174405,52.517450000000004
B0033,182,1.5659920939439786,78.29960469719893,0,39.95408175672587,54.90254753232506,52.65286666666667
B0033,184,1.5416252851780505,77.08126425890252,0,38.629206981182826,53.80008363828377,52.35078333333333
B0033,186,1.517590655990168,75.8795327995084,0,37.93003488357471,53.54505652293522,52.25051666666671
B0033,188,1.5075202042593092,75.37601021296545,0,37.62158369702063,53.29577183051126,51.9664
B0033,192,1.49549282626034,74.774641313017,0,37.78621151878811,53.690652187482364,52.0888
B0033,194,1.4997618811573148,74.98809405786574,0,37.780545613375104,53.4617189956508,52.00286666666667
B0033,196,1.4906966807803954,74.53483403901977,0,37.48831223397221,53.31089209854774,51.94401666666667
B0033,198,1.4800999425051866,74.00499712525934,0,37.84650784146758,53.6277468644108,51.8474
B0033,200,1.4676091496100632,73.38045748050315,0,37.50067380952265,53.311289666668536,51.6901
B0033,204,1.4729818491920503,73.64909245960251,0,37.46771056598812,53.24781973161767,51.65938333333334
B0033,206,1.4742872137206404,73.71436068603202,0,37.59818541161091,53.32567282742489,51.744
B0033,208,1.4635162808346138,73.17581404173069,0,37.701434924362204,53.67135316275077,51.66458333333333
B0033,210,1.4527095680488362,72.6354784024418,0,37.53461374251148,53.425915759836265,51.55416666666667
B0033,212,1.4557303847230247,72.78651923615124,0,37.84394106488913,53.80241246385534,51.4448
B0033,216,1.459740099618568,72.9870049809284,0,37.62240216799661,53.538703332548565,51.57135
B0033,218,1.448711504158192,72.4355752079096,0,37.85402355267617,53.85443523479271,51.47213333333333
B0033,220,1.4666759762884336,73.33379881442168,0,38.470904652851125,54.312710923117564,51.59478333333333
B0033,222,1.4689502109504418,73.44751054752209,0,39.05355467673962,54.717249684368554,51.701033333333335
B0033,224,1.471116588522042,73.55582942610211,0,39.44221992740732,55.03279239327084,51.78568333333333
B0033,228,1.4473012364654927,72.36506182327463,0,38.22999069332894,54.39303449657184,51.51198333333333
B0033,230,1.4205315547561643,71.02657773780821,0,37.758104647901995,54.05963088053671,51.16353333333333
B0033,232,1.4241466094817417,71.20733047408709,0,37.428049618035296,53.59788130809244,51.073949999999996
B0033,234,1.4412820083364295,72.06410041682147,0,38.5029228575476,54.608136974659445,51.3875
B0033,236,1.4448965388921615,72.24482694460808,0,38.83348222581879,54.5574027155619,51.27473333333333
B0033,240,1.4540256354795746,72.70128177397874,0,39.052180409304285,54.99418815591436,51.35495
B0033,242,1.4226030447542912,71.13015223771455,0,38.021927947894824,54.16320225337546,51.09921666666666
B0033,244,1.410196954589097,70.50984772945486,0,37.73309166360951,53.87733726225828,50.93046666666667
B0033,246,1.4144881298999457,70.72440649499728,0,37.88253804875795,54.005408924827464,50.8578
B0033,248,1.431360032946153,71.56800164730765,0,39.09683297382756,55.01715436055076,51.15
B0033,252,1.4515133236517528,72.57566618258764,0,39.85321278395099,55.56824997306065,51.32058333333334
B0033,254,1.4230376757726733,71.15188378863367,0,39.04623892631281,54.92871435196593,51.1724
B0033,256,1.396298696255913,69.81493481279564,0,37.820538353520355,53.80101502575858,50.85806666666661
B0033,258,1.3979060730399124,69.89530365199562,0,37.73310595477053,53.90914216170243,50.91353333333333
B0033,260,1.4011347560096767,70.05673780048383,0,38.006666099531806,54.23260277977909,50.775533333333335
B0033,264,1.436782528945267,71.83912644726334,0,39.784628994566496,55.63045478699343,51.19636666666667
B0033,266,1.4370006879546382,71.8500343977319,0,40.35944876635067,56.16713312985831,51.242200000000004
B0033,268,1.410355528453481,70.51777642267405,0,39.40096297699252,55.53601912262827,50.89426666666667
B0033,270,1.382633397996189,69.13166989980944,0,38.23202468655914,54.42859597766174,50.53255
B0033,272,1.3699403583067564,68.49701791533782,0,38.186119358463095,54.60293074972065,50.391666666666666
B0033,276,1.3786129327882322,68.9306466394116,0,38.7565059715467,55.29175004355109,50.71171666666667
B0033,278,1.8035959863147193,90.17979931573596,0,39.21824541685028,57.637403832441095,73.73671666666668
B0033,282,1.4234424290662009,71.17212145331004,0,39.05310062274121,54.65393012817871,51.112766666666666
B0033,284,1.3946003892958663,69.73001946479332,0,38.41375319607374,54.152949724280695,50.76875
B0033,286,1.3961613987822286,69.80806993911143,0,38.46902673499884,54.53515875704883,50.56041666666667
B0033,288,1.384968608315797,69.24843041578985,0,38.5100324254832,54.77734925210607,50.47603333333333
B0033,290,1.3715114742475478,68.57557371237739,0,38.40063671961678,54.64702813763124,50.34973333333333
B0033,294,1.3616865084879255,68.08432542439627,0,38.39044541549165,54.505104228610136,50.28985
B0033,296,1.3796301360966086,68.98150680483043,0,38.413629652125955,54.421332192558104,50.369
B0033,298,1.364231776003204,68.2115888001602,0,38.44024987650422,54.599932749714995,50.15026666666667
B0033,300,1.3418414512081456,67.09207256040727,0,38.18714693456589,54.621715057959925,50.24453333333334
B0033,302,1.3552215695792247,67.76107847896124,0,38.18649962226669,54.55731341596549,50.178383333333336
B0033,306,1.3403860264029774,67.01930132014887,0,38.536213089297746,55.041315475822266,50.19583333333333
B0033,308,1.3594078914195438,67.97039457097719,0,38.552272664006516,54.87421915377841,50.09556666666666
B0033,310,1.3457100861355502,67.28550430677751,0,38.45551116751203,54.605029117345865,49.895833333333336
B0033,312,1.3477611420854358,67.3880571042718,0,38.45383838785278,54.77196645266215,49.96875
B0033,314,1.335482103134067,66.77410515670334,0,38.59571101696619,55.081324460303485,49.84765
B0033,318,1.353154941842234,67.65774709211169,0,39.84838963202564,56.28817834549751,50.40755
B0033,320,1.3709677706044292,68.54838853022146,0,40.8588418858713,57.273543680267444,50.51275
B0033,322,1.357426672491866,67.8713336245933,0,40.645674557350794,57.229192207488595,50.34688333333334
B0033,324,1.3443678821106904,67.21839410553451,0,40.22816795562337,57.19704022437858,49.96926666666666
B0033,326,1.33005823859453,66.50291192972651,0,40.06014962782639,57.01987269382395,49.77943333333334
B0033,330,1.4033641858066626,70.16820929033312,0,40.062941403566036,55.93330356332492,50.5388
B0033,334,1.3865570950229378,69.32785475114689,0,40.262388264621016,56.299084505467846,50.795049999999996
B0033,336,1.3704138176872631,68.52069088436316,0,39.997401224885536,56.50951504855041,50.5828
B0033,338,1.325319393635713,66.26596968178565,0,39.574089613864224,56.69165778744567,50.195566666666615
B0033,340,0.8439684993200656,42.19842496600328,0,35.98333032061264,55.51714083426434,50.048700000000004
B0033,342,0.29866180371583506,14.933090185791754,0,30.119688488829738,45.807200259053744,49.77863333333333
B0033,346,0.2344867974702557,11.724339873512784,0,30.940513967139797,46.034595491761756,50.10338333333333
B0033,348,0.20256330380725823,10.128165190362912,0,31.002948619577534,44.981619190674095,50.19348333333333
B0033,350,0.23531995654070248,11.765997827035124,0,30.353188245577265,44.437719613927904,49.765883333333335
B0033,352,0.23550427837482876,11.775213918741438,0,29.92194766382464,46.16094346830902,49.60521666666658
B0033,354,0.4304242256752923,21.521211283764615,0,32.39035931572692,51.875290776017344,49.4125
B0033,358,0.46436333202696434,23.218166601348216,0,32.954165794905116,51.767777887259,49.49921666666667
B0033,360,0.3994839380247729,19.974196901238646,0,32.988995755051256,51.02675215928651,49.80755
B0033,362,1.461469789426299,73.07348947131494,0,45.33521672468352,61.13715999731606,50.020583333333335
B0033,364,1.4150999545382532,70.75499772691266,0,40.620147730266055,56.348749401178914,49.603899999999996
B0033,366,1.383632373873956,69.1816186936978,0,39.683995746406474,55.51777727453801,49.17316666666667
B0033,370,1.3705402893609833,68.52701446804916,0,39.047236578784684,54.98845662264607,49.02865
B0033,372,1.3557042566115398,67.785212830577,0,38.66855198329813,54.53862414235327,49.11615
B0033,374,1.3578385793919763,67.89192896959881,0,38.84148471879362,54.72686731387149,48.93618333333333
B0033,376,1.3609083979571395,68.04541989785697,0,39.052551352201455,55.0046224518596,48.788016666666664
B0033,378,1.3495626547684758,67.4781327384238,0,38.79448240276511,54.71731449617404,48.74036666666667
B0033,382,1.1888877132486642,59.444385662433206,0,38.509868638012954,54.428778601713,50.39765
B0033,386,1.5041493934608645,75.20746967304322,0,40.15830993087354,54.890003781719805,50.9362
B0033,388,1.4899088638712767,74.49544319356384,0,39.45022733421382,54.47368119654309,50.7513
B0033,390,1.475330178643193,73.76650893215965,0,38.94097771129498,54.12307476528604,50.57083333333333
B0033,392,1.459830765413703,72.99153827068515,0,38.66654129149028,53.773029666511476,50.37681666666666
B0033,394,1.4474169057725728,72.37084528862864,0,39.336362061944186,54.609405212648525,50.480466666666665
B0033,398,1.4676323674647154,73.38161837323577,0,40.212462412867474,55.29324534393817,50.63125
B0033,400,1.441552493165527,72.07762465827635,0,39.15441493084491,54.26200652741747,50.386449999999996
B0033,402,1.418392873584403,70.91964367922014,0,38.472340837695874,54.01880189925328,49.9487
B0033,404,1.4031824838852518,70.15912419426259,0,38.10278800382275,53.57147874982123,49.774483333333336
B0033,406,1.3911104661211642,69.5555233060582,0,38.13961733869117,53.4828168564585,49.65365
B0033,410,1.4086019958134537,70.43009979067268,0,38.75498314355583,53.870140403015185,49.91745
B0033,412,1.4137708903948947,70.68854451974474,0,39.165872874745595,54.16164128030712,49.830466666666666
B0033,414,1.412472234540845,70.62361172704225,0,39.025069457187186,54.165344351537804,49.82318333333333
B0033,416,1.3831900026575588,69.15950013287794,0,38.3251245457817,53.79228026466776,49.45468333333338
B0033,418,1.3646098107432565,68.23049053716282,0,37.878182669376734,53.22509160340434,49.37681666666666
B0033,422,1.369751365782437,68.48756828912185,0,37.905840036253096,53.57857958784029,49.2836
B0033,424,1.3867946911071662,69.33973455535832,0,39.1223902532353,54.498255010844275,49.55468333333333
B0033,426,1.3918615875742792,69.59307937871397,0,39.39196447810482,54.468132892109516,49.46693333333334
B0033,428,1.377162352180965,68.85811760904825,0,38.80564596554866,53.89419947351141,49.32135
B0033,430,1.3599525359390852,67.99762679695426,0,38.29516028833109,53.782251370205934,49.046616666666765
B0033,434,1.379779043170725,68.98895215853625,0,39.482066579608755,54.80009542618075,49.64816666666666
B0033,438,1.3631373661966442,68.1568683098322,0,38.22420789035359,53.59426450012642,49.148183333333336
B0033,440,1.3652295228794809,68.26147614397404,0,38.212225319933545,53.860038336831,48.97578333333333
B0033,442,1.3498620694059131,67.49310347029565,0,38.03726842877258,53.50394440240513,48.758066666666664
B0033,444,1.3529504172332432,67.64752086166216,0,38.08745383569629,53.71091736477066,48.62161666666667
B0033,446,1.3535740542605128,67.67870271302564,0,38.371162533264,53.96609282803159,48.64896666666667
B0033,450,1.3432225183905024,67.16112591952512,0,38.21500087152169,53.89601837110568,48.6375
B0033,452,1.3412081769053426,67.06040884526713,0,38.068361542357145,53.58335886886063,48.59139999999994
B0033,454,1.3277389969987805,66.38694984993903,0,37.98761504071771,53.35830232724686,48.43358333333333
B0033,456,1.329778900445409,66.48894502227046,0,38.3556643629041,53.56872781314004,48.23566666666667
B0033,458,1.3356045028702495,66.78022514351247,0,38.587739723836165,54.028944257752215,48.200516666666665
B0033,462,1.3177489685711123,65.88744842855562,0,37.84946765760722,53.32084823607714,48.145316666666666
B0033,464,1.317605472474197,65.88027362370985,0,37.81892879614016,53.15804525272694,47.927350000000004
B0033,466,1.3185279522072382,65.9263976103619,0,37.98975162560657,53.44440984728841,47.67968333333338
B0033,468,1.3215397269813982,66.07698634906991,0,38.110497566784815,53.71116793928585,47.5474
B0033,470,1.3046615372928705,65.23307686464352,0,38.158711514227996,53.18757385880901,47.57733333333333
B0033,474,1.3280324770208678,66.4016238510434,0,41.90171461734474,56.49572691828426,48.2974
B0033,476,1.3634549770713926,68.17274885356963,0,40.72593783748325,55.32081069602003,48.267716666666665
B0033,478,1.3291316747402466,66.45658373701234,0,39.388005009279006,54.57622829352292,47.77056666666667
B0033,480,1.3124201086917682,65.62100543458841,0,38.64570917130626,54.008789265404765,47.27681666666667
B0033,482,1.3152825503676357,65.76412751838178,0,38.3036813037848,53.47500454222108,47.1586
B0034,0,0.7459302957645664,37.29651478822832,0,38.95836982096889,51.867480808484146,30.323433333333334
B0034,4,1.6623217152845853,83.11608576422927,0,39.10734156415766,53.72590623785784,54.34218333333333
B0034,6,1.645087369694532,82.2543684847266,0,39.20920805238827,54.1404555915866,54.42916666666667
B0034,8,1.620729289277574,81.0364644638787,0,38.936075977838854,54.228682107998424,54.40181666666667
B0034,10,1.5967402025126005,79.83701012563003,0,38.60445981652459,54.17641516112459,54.225516666666664
B0034,12,1.4856500618812698,74.28250309406349,0,37.79484872719341,54.09745559724325,54.042966666666665
B0034,16,1.4866702197497013,74.33351098748506,0,37.65277428767197,54.03810589370243,53.91041666666667
B0034,18,1.4701330958405268,73.50665479202634,0,37.91666092404816,54.56296443841966,53.92266666666667
B0034,20,1.4565041801019636,72.82520900509817,0,37.78228277348195,54.47381276284677,53.93541666666667
B0034,22,1.4418961035576472,72.09480517788236,0,37.5830936155511,54.157190141377896,53.8375
B0034,24,1.4370949588970292,71.85474794485145,0,37.550522561172464,54.45256615419595,53.767966666666666
B0034,28,1.4458703624967404,72.29351812483702,0,37.681954258546924,54.20147817586685,53.74166666666667
B0034,30,1.4321040545618373,71.60520272809187,0,37.440274736517715,53.813937104977754,53.703133333333334
B0034,32,1.426720633302465,71.33603166512324,0,37.402773880575964,53.84994246144553,53.60910000000003
B0034,34,1.4230846885129826,71.15423442564914,0,37.26498054251945,53.61278420241196,53.53098333333333
B0034,36,1.4409479522418907,72.04739761209453,0,37.570569601089254,53.35590902048553,53.59765
B0034,40,1.486901544051865,74.34507720259325,0,38.400250729227935,53.83102716771526,53.75208333333333
B0034,42,1.5245313226850703,76.22656613425352,0,39.102942991019354,53.994059646351175,53.90571666666666
B0034,44,1.4629049605190707,73.14524802595353,0,37.80351021576893,53.39429065914855,53.6375
B0034,46,1.4230794508549893,71.15397254274947,0,37.356060000664904,53.38470633939791,53.391666666666666
B0034,48,1.4051040863603435,70.25520431801718,0,37.06076524279572,53.12872869294344,53.23983333333333
B0034,52,1.6329463925070862,81.64731962535431,0,39.94613025797719,55.80847324293826,53.75365
B0034,56,1.5687138208259117,78.43569104129558,0,38.718351533776065,55.579127556921776,54.21641666666667
B0034,58,1.5149520966053402,75.74760483026701,0,38.131331549186825,55.5590605953301,54.0875
B0034,60,1.4855182940634626,74.27591470317313,0,37.90482918212311,55.43438713431678,53.917183333333334
B0034,62,1.480771929049074,74.0385964524537,0,38.06681078125698,55.91432751133226,53.802350000000004
B0034,64,1.484026357317059,74.20131786585294,0,38.24251669378549,55.78439633575717,53.63125
B0034,68,1.4922153055506522,74.61076527753261,0,38.56098530062726,55.819046085150106,53.670316666666665
B0034,70,1.473312924099279,73.66564620496395,0,38.38922286871294,55.81813101636483,53.5039
B0034,72,1.441593178980006,72.0796589490003,0,37.90831705954933,55.508529806144075,53.5091
B0034,74,1.4225873198015788,71.12936599007894,0,37.78900459955153,55.810474269938815,53.34948333333333
B0034,76,1.4266489379486664,71.33244689743333,0,37.868460669545925,55.5580463265768,53.14375
B0034,80,1.4596775560238577,72.98387780119289,0,38.32719437027863,55.7456104997617,53.19558333333334
B0034,82,1.4396159938545154,71.98079969272577,0,38.222749634083,55.88273287086187,53.171883333333334
B0034,84,1.4195512657848512,70.97756328924257,0,37.708662488006475,55.520919470345916,53.03593333333333
B0034,86,1.4118101714470452,70.59050857235226,0,37.8703638417689,56.03798112972515,53.0026
B0034,88,1.4044196701845313,70.22098350922657,0,37.83489284744581,55.7872631992585,52.865883333333336
B0034,92,1.4735059098606866,73.67529549303433,0,39.269306296372,56.29505678813318,53.202866666666665
B0034,94,1.492658600645149,74.63293003225745,0,40.1506450904851,57.203641711448896,53.245583333333336
B0034,96,1.4820260149945934,74.10130074972967,0,39.44313364004617,56.48442346523092,52.979166666666664
B0034,98,1.423575357658995,71.17876788294974,0,38.29706396735563,55.71155596776208,52.75598333333333
B0034,100,1.4038252197245347,70.19126098622674,0,38.00009263186772,55.725184853786985,52.5875
B0034,104,1.5363173478836125,76.81586739418063,0,39.66453202372922,56.68734909187956,52.896100000000004
B0034,108,1.5440367168176732,77.20183584088366,0,40.503647950320534,57.523569542125074,53.32475
B0034,110,1.507892155360249,75.39460776801245,0,39.602225792574906,56.64647124225468,53.26691666666667
B0034,112,1.8203060058691092,91.01530029345545,0,43.00893271743553,61.22071154968515,59.92135
B0034,116,1.5936575758226643,79.68287879113322,0,40.64495633031262,58.28488787096781,53.3
B0034,118,1.533070464968097,76.65352324840485,0,39.63966215341089,57.592019665372526,53.0586
B0034,120,1.4862143093107285,74.31071546553642,0,39.16680148065847,57.28443182001311,53.06328333333333
B0034,122,1.5029318848267783,75.14659424133892,0,39.82254974386062,57.872088061267284,53.19193333333333
B0034,124,1.5202185406928062,76.0109270346403,0,40.67552783597674,58.01475740778219,53.16641666666667
B0034,128,1.5118194735004464,75.59097367502233,0,40.582538417129676,58.312052179468594,53.16223333333333
B0034,130,1.464601301820905,73.23006509104525,0,39.684346755235566,57.74556007237976,52.9336
B0034,132,1.4546140961511749,72.73070480755874,0,39.47995207463314,57.59063118746153,52.856
B0034,134,1.4333400490204142,71.6670024510207,0,39.48992781243277,57.760237316191684,52.84738333333333
B0034,136,1.4493262346396159,72.4663117319808,0,39.852310270589804,57.843854984407734,52.74453333333334
B0034,140,1.495199821798908,74.7599910899454,0,40.873690307547484,58.50818415025991,52.95755
B0034,142,1.4720590241846008,73.60295120923004,0,40.55984735939729,58.39804679399696,52.87291666666667
B0034,144,1.4097383014648728,70.48691507324364,0,38.988662122088876,57.19671566450291,52.6401
B0034,146,1.3861944181384176,69.30972090692087,0,38.71511147644418,57.093582209047106,52.359633333333335
B0034,148,1.3624125407550536,68.12062703775268,0,38.51149851182021,57.056434523826645,52.30311666666667
B0034,152,1.4471377445077278,72.35688722538639,0,40.112479285456395,57.99096942950453,52.63281666666667
B0034,154,1.4554483390450048,72.77241695225024,0,40.84012758949483,58.16328313862759,52.65468333333333
B0034,156,1.4423952167302958,72.11976083651479,0,40.348969230016365,58.29542391419101,52.50625
B0034,158,1.377541945989605,68.87709729948025,0,38.95729074496056,57.375182540416354,52.234633333333335
B0034,160,1.3539935892900532,67.69967946450267,0,38.73711200799833,57.42041259082052,52.16328333333333
B0034,164,1.5509038861664448,77.54519430832224,0,40.231060876384255,57.71520595046742,52.698166666666665
B0034,168,1.5562932697752867,77.81466348876434,0,40.929553501935686,58.17136403259683,53.28098333333333
B0034,170,1.5067526605064707,75.33763302532354,0,39.993709319022244,57.753084428922655,52.8651
B0034,172,1.444138733302766,72.2069366651383,0,39.1022619385273,57.5103657978898,52.680716666666555
B0034,174,1.4144103811292437,70.72051905646218,0,38.63703610404588,56.86348453612092,52.45235
B0034,176,1.3897574212362729,69.48787106181365,0,38.457946337552535,56.97607576818629,52.35338333333333
B0034,180,1.449968311475299,72.49841557376496,0,39.988534225003114,57.956995411354825,52.517450000000004
B0034,182,1.4678653068012166,73.39326534006084,0,40.84025138634754,58.3663921180059,52.65286666666667
B0034,184,1.4290644310445066,71.45322155222533,0,39.64173378499159,57.883249801186295,52.35078333333333
B0034,186,1.376744834668327,68.83724173341635,0,38.82196729294636,57.62604602919208,52.25051666666671
B0034,188,1.3515813262521057,67.57906631260528,0,38.27601981086532,56.803768142247485,51.9664
B0034,192,1.353993472828928,67.6996736414464,0,38.30615482092432,56.88027382398077,52.0888
B0034,194,1.3577165116893766,67.88582558446883,0,38.50347850214561,57.11228470728586,52.00286666666667
B0034,196,1.334169315351027,66.70846576755135,0,38.25735173096823,57.23777746505438,51.94401666666667
B0034,198,1.3372147888783987,66.86073944391994,0,38.29433048905591,56.79550408983589,51.8474
B0034,200,1.339045224276927,66.95226121384636,0,38.19006452807094,56.74357378980126,51.6901
B0034,204,1.3439244604756322,67.19622302378161,0,38.326737735855446,57.1850535860252,51.65938333333334
B0034,206,1.3454786192090245,67.27393096045122,0,38.326112920062165,57.131636004992664,51.744
B0034,208,1.3482263029682544,67.41131514841273,0,38.2504483640825,56.68621589748299,51.66458333333333
B0034,210,1.3373192299576058,66.86596149788029,0,38.2552215314073,57.14457415944487,51.55416666666667
B0034,212,1.3402523341553034,67.01261670776518,0,38.4827926779255,57.289854087208134,51.4448
B0034,216,1.3290965682379121,66.4548284118956,0,38.208311929566015,56.90074118043176,51.57135
B0034,218,1.3323485655766352,66.61742827883175,0,38.37963443029051,57.126183132620525,51.47213333333333
B0034,220,1.3501541310555516,67.50770655277758,0,38.847888287026734,57.09006956503022,51.59478333333333
B0034,222,1.381523441054128,69.0761720527064,0,39.55793696996327,57.56129571557157,51.701033333333335
B0034,224,1.3835971952817807,69.17985976408903,0,39.995989656775905,58.12885115554352,51.78568333333333
B0034,228,1.3301161862080901,66.5058093104045,0,38.637111363644244,57.35750604508094,51.51198333333333
B0034,230,1.3176982121703233,65.88491060851617,0,38.17458507378806,57.07647448385972,51.16353333333333
B0034,232,1.3063657719651272,65.31828859825636,0,37.84309122903104,56.56265009891403,51.073949999999996
B0034,234,1.3381567383793782,66.90783691896891,0,38.7849806497393,57.16856231635899,51.3875
B0034,236,1.3563258092165067,67.81629046082533,0,39.47058624854092,57.902838661735686,51.27473333333333
B0034,240,1.3648997529550058,68.24498764775029,0,39.61654428235802,58.115178902093014,51.35495
B0034,242,1.3337639975535058,66.68819987767529,0,38.42381623938057,56.98035659049231,51.09921666666666
B0034,244,1.3060123668658763,65.30061834329382,0,38.11461669687029,56.672084425511734,50.93046666666667
B0034,246,1.3101868361375808,65.50934180687904,0,38.33391837467719,57.04472631715234,50.8578
B0034,248,1.3567668941696103,67.83834470848052,0,39.42514383600653,57.64730160708694,51.15
B0034,252,1.3916857433587717,69.58428716793858,0,40.315066740163225,58.29336025761747,51.32058333333334
B0034,254,1.3629935079344777,68.14967539672388,0,39.53448316157278,57.95445943311949,51.1724
B0034,256,1.3211711973900628,66.05855986950314,0,38.37203224972586,56.91514213395795,50.85806666666661
B0034,258,1.3074869015593356,65.37434507796678,0,38.3101923015924,57.19634917626827,50.91353333333333
B0034,260,1.3105881895483489,65.52940947741745,0,38.27774779605142,56.74944920850043,50.775533333333335
B0034,264,1.376312668196664,68.8156334098332,0,40.334191485925615,58.608348897573435,51.19636666666667
B0034,266,1.391764929132287,69.58824645661436,0,40.79229920392578,58.69313490028398,51.242200000000004
B0034,268,1.3649746353453525,68.24873176726763,0,39.99900717802979,58.287617732907975,50.89426666666667
B0034,270,1.3219093937291897,66.09546968645948,0,38.793911542282345,57.38456939785952,50.53255
B0034,272,1.3090033888073913,65.45016944036956,0,38.67005005769116,57.58115209169171,50.391666666666666
B0034,276,1.3327005721973733,66.63502860986867,0,38.826649526191886,57.13289738293001,50.71171666666667
B0034,278,1.7423975189669398,87.11987594834699,0,40.05350414099234,61.43732341776916,73.73671666666668
B0034,282,1.37734756281946,68.867378140973,0,39.89751111071057,57.73883179659806,51.112766666666666
B0034,284,1.34875988767775,67.4379943838875,0,39.197243061406944,57.386080612263264,50.76875
B0034,286,1.3501504559881146,67.50752279940573,0,38.90698912730004,56.89633685865634,50.56041666666667
B0034,288,1.3387814875085953,66.93907437542977,0,38.91493347992841,57.238769179765264,50.47603333333333
B0034,290,1.3253371210402685,66.26685605201342,0,38.753372299612906,56.92287178370967,50.34973333333333
B0034,294,1.3308160596334049,66.54080298167024,0,39.091854428154555,57.63060311370659,50.28985
B0034,296,1.333083376618503,66.65416883092516,0,38.79791433490267,57.01462861282404,50.369
B0034,298,1.3333226534895923,66.66613267447961,0,38.87342544692156,57.17373710163345,50.15026666666667
B0034,300,1.3264281097516475,66.32140548758237,0,38.72429474171124,56.96912010183172,50.24453333333334
B0034,302,1.323971040986857,66.19855204934285,0,38.693927613601694,57.103594586187974,50.178383333333336
B0034,306,1.3249364225071156,66.24682112535578,0,38.83689474258564,57.068326741336485,50.19583333333333
B0034,308,1.3283067675570923,66.41533837785461,0,38.98262569198278,57.42601185667435,50.09556666666666
B0034,310,1.314584348909226,65.7292174454613,0,39.051031869034375,57.61101162387096,49.895833333333336
B0034,312,1.3166841798543303,65.83420899271651,0,38.79001119015603,57.13778358983724,49.96875
B0034,314,1.3041727649654073,65.20863824827036,0,38.89401391225135,57.23603082155364,49.84765
B0034,318,1.3534450073572306,67.67225036786154,0,40.171574663158054,58.39093066235441,50.40755
B0034,320,1.371294082513786,68.5647041256893,0,41.036063659744045,58.90073826779548,50.51275
B0034,322,1.357699321922511,67.88496609612555,0,40.43961489235273,58.27129279916865,50.34688333333334
B0034,324,1.3286903090919502,66.43451545459752,0,39.651877682602084,58.03064804249352,49.96926666666666
B0034,326,1.3143943268181724,65.71971634090862,0,39.179107326892364,57.376456720947886,49.77943333333334
B0034,330,1.3866783030110723,69.33391515055362,0,40.11810121003218,58.48728985101988,50.5388
B0034,334,1.3868330458429208,69.34165229214604,0,40.80596825835928,58.63748276638773,50.795049999999996
B0034,336,1.3548037379291014,67.74018689645507,0,39.68459882372221,57.63608525053667,50.5828
B0034,338,1.3255787669951669,66.27893834975835,0,39.35391690299883,57.60594379182819,50.195566666666615
B0034,340,1.3119728676377553,65.59864338188777,0,38.774974385595264,56.80159282025973,50.048700000000004
B0034,342,1.3064487948795198,65.32243974397599,0,38.265844006523615,56.21047251769452,49.77863333333333
B0034,346,1.3418431880549024,67.09215940274512,0,39.684480872315234,57.153953136576106,50.10338333333333
B0034,348,1.3609210170759327,68.04605085379663,0,40.52184920089412,58.22840707938393,50.19348333333333
B0034,350,1.3299603677394973,66.49801838697486,0,39.34384441360489,56.896536733279625,49.765883333333335
B0034,352,1.299069387625936,64.9534693812968,0,38.612144786286876,56.43024249534344,49.60521666666658
B0034,354,1.2984544371955695,64.92272185977848,0,38.61589548680076,56.60428484008346,49.4125
B0034,358,1.3176486091610087,65.88243045805044,0,39.405725006770766,57.47493245382511,49.49921666666667
B0034,360,1.3360648564106594,66.80324282053297,0,39.93466601122023,57.43585109945852,49.80755
B0034,362,1.3635797361860138,68.1789868093007,0,41.55493252456659,59.12207312090748,50.020583333333335
B0034,364,1.3333112541544827,66.66556270772413,0,40.30936955838523,58.23289082409849,49.603899999999996
B0034,366,1.3023273463118925,65.11636731559463,0,39.63376472877464,57.69877961341635,49.17316666666667
B0034,370,1.2888728444455875,64.44364222227938,0,39.397264101530574,57.777112656377554,49.02865
B0034,372,1.2902746194203034,64.51373097101516,0,39.0556543100656,57.23966158430743,49.11615
B0034,374,1.292407565676824,64.62037828384119,0,39.19214857830457,57.39229514777536,48.93618333333333
B0034,376,1.2954091505102339,64.77045752551169,0,39.3246784315448,57.49397345620112,48.788016666666664
B0034,378,1.283229881592695,64.16149407963475,0,39.020958953665634,57.117778050999135,48.74036666666667
B0034,382,1.4557454024367817,72.78727012183909,0,41.16886509114223,59.0081622348613,50.39765
B0034,386,1.454676342673242,72.7338171336621,0,41.53076127734769,59.53806687629183,50.9362
B0034,388,1.423427718198495,71.17138590992475,0,40.35674808373947,58.40787633507069,50.7513
B0034,390,1.392551210363313,69.62756051816565,0,39.90529016402678,58.34388806897325,50.57083333333333
B0034,392,1.3765732493746907,68.82866246873454,0,39.6263343523975,58.00881689774913,50.37681666666666
B0034,394,1.3810190828982352,69.05095414491176,0,40.251117050644716,58.52325787492752,50.480466666666665
B0034,398,1.4007568321672863,70.03784160836432,0,41.28365494023095,59.508378271914516,50.63125
B0034,400,1.374645303479972,68.7322651739986,0,40.27720417425089,58.58184665309335,50.386449999999996
B0034,402,1.3345924114397838,66.72962057198919,0,39.458737885900284,57.97580640887124,49.9487
B0034,404,1.336396621564738,66.8198310782369,0,39.29135666075848,58.05700140061033,49.774483333333336
B0034,406,1.3069152971756248,65.34576485878124,0,39.19247737595363,57.78193242469556,49.65365
B0034,410,1.341539456674081,67.07697283370405,0,39.892115077092285,58.20713739139197,49.91745
B0034,412,1.346388970161922,67.3194485080961,0,40.35117578100876,58.613406449206195,49.830466666666666
B0034,414,1.344989807277774,67.2494903638887,0,40.23284401135697,58.64476637032693,49.82318333333333
B0034,416,1.3158760805047784,65.79380402523893,0,39.47675997912519,58.05107392892897,49.45468333333338
B0034,418,1.2972766889740088,64.86383444870044,0,39.32483875925542,58.291445432401005,49.37681666666666
B0034,422,1.2851255211005648,64.25627605502824,0,39.06556270503843,58.02893221948005,49.2836
B0034,424,1.3190209156530253,65.95104578265126,0,40.25366972386004,58.80693345869639,49.55468333333333
B0034,426,1.3410097849290994,67.05048924645497,0,40.60644361981523,58.770145898372334,49.46693333333334
B0034,428,1.326126983882746,66.3063491941373,0,40.11087407785343,58.49257429310864,49.32135
B0034,430,1.3091442679990724,65.45721339995362,0,39.612138446886284,58.33204656703581,49.046616666666765
B0034,434,1.363001289617145,68.15006448085725,0,40.95422192099372,59.3603280691461,49.64816666666666
B0034,438,1.329285701687194,66.4642850843597,0,39.368332915328914,57.712318998766975,49.148183333333336
B0034,440,1.2969085930621855,64.84542965310928,0,39.15337098937444,57.633102922228126,48.97578333333333
B0034,442,1.2986285924941396,64.93142962470698,0,39.243985033148604,57.87686984231968,48.758066666666664
B0034,444,1.2840657611821942,64.20328805910971,0,39.03574242025546,57.47417762924851,48.62161666666667
B0034,446,1.3021015914136362,65.10507957068181,0,39.362600417809674,57.69186868894567,48.64896666666667
B0034,450,1.3089076351731335,65.44538175865668,0,39.45158799429391,58.235126532756595,48.6375
B0034,452,1.2722519696513912,63.61259848256956,0,39.280231448753895,58.159040648414255,48.59139999999994
B0034,454,1.276011534360331,63.80057671801656,0,39.093994194844335,57.66508009332591,48.43358333333333
B0034,456,1.2605053003103004,63.02526501551502,0,39.19231540051725,57.950977227160536,48.23566666666667
B0034,458,1.2660681251347115,63.30340625673557,0,39.05035096355298,57.50629199129354,48.200516666666665
B0034,462,1.265829016865281,63.29145084326405,0,38.99238106302636,57.45114086897508,48.145316666666666
B0034,464,1.2655873898206993,63.27936949103496,0,39.013996139611024,57.51486337636169,47.927350000000004
B0034,466,1.2663598323027554,63.31799161513777,0,39.39352264576831,58.24937682662199,47.67968333333338
B0034,468,1.2868479432728903,64.34239716364452,0,39.40321172109691,57.97580626211991,47.5474
B0034,470,1.270026164613209,63.50130823066045,0,39.209002406361016,57.6936935982226,47.57733333333333
B0034,474,1.34598253292492,67.299126646246,0,41.7029996329405,59.714275603056464,48.2974
B0034,476,1.3286875315413778,66.43437657706889,0,41.54042703429465,59.59622829096066,48.267716666666665
B0034,478,1.31203071983408,65.601535991704,0,40.70765268927143,58.94389183765572,47.77056666666667
B0034,480,1.295125492961198,64.7562746480599,0,40.21142863220933,58.684673836382025,47.27681666666667
B0034,482,1.2802601605963335,64.01300802981667,0,40.0046687891377,58.63989407541342,47.1586
B0036,0,1.001982588175331,50.09912940876655,0,24.892073733003087,25.25510878948548,30.323433333333334
B0036,4,1.8011007566288924,90.05503783144462,0,25.959062630105592,26.547068220384585,54.34218333333333
B0036,6,1.8044229856020628,90.22114928010313,0,25.802571879383937,26.495839445842005,54.42916666666667
B0036,8,1.804388833772829,90.21944168864145,0,25.60229945293067,26.383869073507284,54.40181666666667
B0036,10,1.7989248871784247,89.94624435892123,0,25.340807182068417,26.038513721787698,54.225516666666664
B0036,12,1.792996521672392,89.6498260836196,0,25.066700521969093,25.52893924273116,54.042966666666665
B0036,16,1.7885507985621891,89.42753992810945,0,24.87901399238054,25.434898613415253,53.91041666666667
B0036,18,1.7890856930727703,89.45428465363851,0,24.962178834594535,25.49992828339642,53.92266666666667
B0036,20,1.7893137312833287,89.46568656416643,0,24.97176766201835,25.538807420659257,53.93541666666667
B0036,22,1.7860759459480868,89.30379729740434,0,24.904899107239256,25.42021899627584,53.8375
B0036,24,1.7836324249650817,89.18162124825409,0,24.82894570331574,25.376173446672198,53.767966666666666
B0036,28,1.7829728738072719,89.1486436903636,0,25.10525347823647,25.609167303887258,53.74166666666667
B0036,30,1.7813775963259668,89.06887981629833,0,24.951154809529978,25.488141454729305,53.703133333333334
B0036,32,1.7785359545932946,88.92679772966473,0,24.904434158959226,25.39250622395775,53.60910000000003
B0036,34,1.7759043090943398,88.795215454717,0,24.887170444449442,25.45190297763985,53.53098333333333
B0036,36,1.7780426649905914,88.90213324952957,0,25.527212929862493,26.00580839279124,53.59765
B0036,40,1.7830029333591655,89.15014666795827,0,26.409994049975936,26.845307972510515,53.75208333333333
B0036,42,1.7883000424613877,89.41500212306939,0,27.24956363748299,27.815052029087454,53.90571666666666
B0036,44,1.779294712578026,88.96473562890131,0,25.79213906476866,26.20275128566912,53.6375
B0036,46,1.7709235500451854,88.54617750225927,0,25.237865068781456,25.704404765618435,53.391666666666666
B0036,48,1.7659050180801104,88.29525090400551,0,24.99097283085835,25.460838794232757,53.23983333333333
B0036,52,1.7826929241469245,89.13464620734622,0,32.801252523370806,37.62543555779899,53.75365
B0036,56,1.7964662072920203,89.82331036460101,0,31.56958368042232,36.14360152332376,54.21641666666667
B0036,58,1.7909083533422898,89.54541766711449,0,30.90999308530252,35.625609247013934,54.0875
B0036,60,1.78518002808874,89.259001404437,0,30.76520980990786,35.57170100720283,53.917183333333334
B0036,62,1.7811343176546524,89.05671588273262,0,30.827871356237775,35.70160875626844,53.802350000000004
B0036,64,1.7755577789223567,88.77788894611783,0,31.04477819361822,35.94641088579465,53.63125
B0036,68,1.776885870616115,88.84429353080576,0,31.495558048290054,36.334410213773005,53.670316666666665
B0036,70,1.7713083410378214,88.56541705189107,0,31.22858520243483,35.97981353599547,53.5039
B0036,72,1.7713348840874137,88.56674420437068,0,30.77808307184711,35.59540889841283,53.5091
B0036,74,1.7660842866405053,88.30421433202527,0,30.558421734854203,35.45428075393079,53.34948333333333
B0036,76,1.7592793663412327,87.96396831706164,0,30.72558468538039,35.64366066127881,53.14375
B0036,80,1.7610368813762423,88.05184406881212,0,31.23295964013785,36.101132129359335,53.19558333333334
B0036,82,1.760242767365706,88.01213836828529,0,31.072817634800376,35.918627450147724,53.171883333333334
B0036,84,1.7555899416034397,87.77949708017199,0,30.6408857593701,35.53291026153138,53.03593333333333
B0036,86,1.7545602176655593,87.72801088327796,0,30.615000516436165,35.58661163053266,53.0026
B0036,88,1.7499108336094897,87.49554168047449,0,30.62198587167864,35.60387176093939,52.865883333333336
B0036,92,1.7610225525303758,88.05112762651879,0,32.233363947568954,37.150900989394586,53.202866666666665
B0036,94,1.7624094574337117,88.12047287168558,0,32.95844838713035,37.80882382148786,53.245583333333336
B0036,96,1.7536170397120676,87.68085198560338,0,32.33796562819801,36.917059178726916,52.979166666666664
B0036,98,1.7462044775191679,87.3102238759584,0,31.201004004004968,36.08766208839117,52.75598333333333
B0036,100,1.7406176172769725,87.03088086384862,0,30.844212128034435,35.833124475553674,52.5875
B0036,104,1.750690404425682,87.5345202212841,0,32.19294879984907,37.01706025174733,52.896100000000004
B0036,108,1.765112055153915,88.25560275769575,0,33.06146735060497,37.72356956982813,53.32475
B0036,110,1.7631888267564881,88.1594413378244,0,32.35366819628823,36.98324646085538,53.26691666666667
B0036,112,1.9854929528970957,99.27464764485478,0,34.70040609904863,39.35953919640877,59.92135
B0036,116,1.7653557308133239,88.2677865406662,0,32.421923396380706,37.027075053721425,53.3
B0036,118,1.7571880383127276,87.85940191563638,0,31.609192155405946,36.34456840908186,53.0586
B0036,120,1.7573770661844437,87.86885330922219,0,31.31596403602263,36.1535770040422,53.06328333333333
B0036,122,1.7617376127979814,88.08688063989906,0,31.998588265349394,37.00649086775502,53.19193333333333
B0036,124,1.7606892547636663,88.03446273818332,0,32.98892411466723,37.85686718856992,53.16641666666667
B0036,128,1.760669562156983,88.03347810784915,0,32.83558656237567,37.45005504798,53.16223333333333
B0036,130,1.752963802649152,87.6481901324576,0,31.97863874379167,36.77795934417618,52.9336
B0036,132,1.750535708024147,87.52678540120735,0,31.7958885352369,36.644215074090106,52.856
B0036,134,1.7500761995337284,87.50380997668643,0,31.804649399184477,37.138598100953445,52.84738333333333
B0036,136,1.7465957802278385,87.32978901139192,0,32.18425444090601,37.11821986816654,52.74453333333334
B0036,140,1.753614286788707,87.68071433943535,0,33.27019350164624,38.21028860245779,52.95755
B0036,142,1.750725029920349,87.53625149601744,0,32.91813190932092,37.5096400873081,52.87291666666667
B0036,144,1.7433053490810113,87.16526745405056,0,31.48100878915281,36.38797733722857,52.6401
B0036,146,1.7336625052776187,86.68312526388094,0,31.127100398792322,36.055083131001204,52.359633333333335
B0036,148,1.7319207051538927,86.59603525769464,0,30.925481627228724,35.91912656959304,52.30311666666667
B0036,152,1.7428604522751463,87.14302261375731,0,32.53816915596416,37.598391918046985,52.63281666666667
B0036,154,1.743306971099712,87.1653485549856,0,33.5082870689835,38.473409883226125,52.65468333333333
B0036,156,1.738524506272696,86.9262253136348,0,32.72223824057796,37.37835847467748,52.50625
B0036,158,1.7295622663746972,86.47811331873486,0,31.339643544788586,36.32515383321495,52.234633333333335
B0036,160,1.7273036765742085,86.36518382871043,0,31.09122546658414,36.17136327433497,52.16328333333333
B0036,164,1.7449370491071912,87.24685245535956,0,32.074525923461515,36.94271187003511,52.698166666666665
B0036,168,1.7642432071133693,88.21216035566847,0,33.167208512161885,37.96104323229247,53.28098333333333
B0036,170,1.7504882032049596,87.52441016024798,0,32.14047774193924,36.73214755581345,52.8651
B0036,172,1.7442710815479923,87.2135540773996,0,31.245399132402053,36.082389553135755,52.680716666666555
B0036,174,1.7365413923373951,86.82706961686975,0,30.941808328244683,35.84834420893077,52.45235
B0036,176,1.733223093105756,86.6611546552878,0,30.729579296950984,35.70394071930231,52.35338333333333
B0036,180,1.73860622908762,86.930311454381,0,32.241219078736684,37.23120350609712,52.517450000000004
B0036,182,1.7432134953746192,87.16067476873096,0,33.273484981762124,38.21827936701842,52.65286666666667
B0036,184,1.7332698214832971,86.66349107416485,0,31.82186022608825,36.626274908995,52.35078333333333
B0036,186,1.7298906291663272,86.49453145831636,0,30.953485299150877,36.01597323994527,52.25051666666671
B0036,188,1.7204403348841348,86.02201674420674,0,30.594113322212998,35.64214686208444,51.9664
B0036,192,1.724420729012913,86.22103645064566,0,30.621050708667628,35.82141559167005,52.0888
B0036,194,1.7214872814061166,86.07436407030583,0,30.73760557478901,35.84687241575459,52.00286666666667
B0036,196,1.7197448773569262,85.9872438678463,0,30.475687104433288,35.6948403215532,51.94401666666667
B0036,198,1.7164304142145894,85.82152071072947,0,30.665478038053948,35.819676472043525,51.8474
B0036,200,1.7112029253299619,85.5601462664981,0,30.48169086494209,35.629734084261784,51.6901
B0036,204,1.7102343231599222,85.5117161579961,0,30.501790386236014,35.66196676336087,51.65938333333334
B0036,206,1.713096882151029,85.65484410755145,0,30.48295279202987,35.75183992747387,51.744
B0036,208,1.7103708617208135,85.51854308604068,0,30.592002581671938,35.77783462667514,51.66458333333333
B0036,210,1.7064617296121434,85.32308648060717,0,30.424569049276556,35.713721223369035,51.55416666666667
B0036,212,1.7029429979110946,85.14714989555473,0,30.570652220376168,35.725860691702124,51.4448
B0036,216,1.7072612643840062,85.36306321920031,0,30.460459721443804,35.768527567848494,51.57135
B0036,218,1.7038637196766078,85.19318598383039,0,30.547691944309644,35.84926876193408,51.47213333333333
B0036,220,1.7079617948422274,85.39808974211137,0,31.189572257243857,36.56783936040424,51.59478333333333
B0036,222,1.7113022833627787,85.56511416813893,0,31.898081785720198,37.22026804863562,51.701033333333335
B0036,224,1.714122057472244,85.7061028736122,0,32.32306890954346,37.24354714231705,51.78568333333333
B0036,228,1.7053324925701605,85.26662462850803,0,30.83436798904695,36.101954503621805,51.51198333333333
B0036,230,1.6934609472531408,84.67304736265704,0,30.287043848864634,35.590895284221084,51.16353333333333
B0036,232,1.6905244127230223,84.52622063615112,0,30.072000414523774,35.41708929698686,51.073949999999996
B0036,234,1.7007774858498304,85.03887429249151,0,31.093661069729663,36.542285984903515,51.3875
B0036,236,1.6971104467944576,84.85552233972288,0,31.607623511235108,37.06815080209899,51.27473333333333
B0036,240,1.6997924522951837,84.98962261475918,0,31.68782676208534,36.82684422999281,51.35495
B0036,242,1.6912704773954121,84.5635238697706,0,30.64130472367544,35.92988720620677,51.09921666666666
B0036,244,1.6857127009469863,84.28563504734932,0,30.35775664232519,35.781290058222865,50.93046666666667
B0036,246,1.6832093771286156,84.16046885643078,0,30.46760275047682,35.83938701624516,50.8578
B0036,248,1.692886364169521,84.64431820847605,0,31.690335464880064,37.17156479403066,51.15
B0036,252,1.6984668174144633,84.92334087072317,0,32.58002111430288,37.84191340591018,51.32058333333334
B0036,254,1.6935813413828429,84.67906706914215,0,31.69291039725797,36.94021929474592,51.1724
B0036,256,1.6830951253781283,84.15475626890641,0,30.608400390292736,35.979852438003704,50.85806666666661
B0036,258,1.6850462226942986,84.25231113471493,0,30.399652022711006,35.91143435448471,50.91353333333333
B0036,260,1.6803098840017598,84.01549420008799,0,30.547315574796166,36.0224357923641,50.775533333333335
B0036,264,1.6944038437227715,84.72019218613858,0,32.47851626978816,37.65075812929836,51.19636666666667
B0036,266,1.6955686127180103,84.77843063590052,0,33.085111849545555,38.27191158762031,51.242200000000004
B0036,268,1.6841854728350405,84.20927364175202,0,32.12056072268224,37.26845925037034,50.89426666666667
B0036,270,1.6722180144870118,83.61090072435059,0,30.90915966232928,36.23919416621716,50.53255
B0036,272,1.6675976965747183,83.37988482873591,0,30.586499493516442,35.989930424393194,50.391666666666666
B0036,276,1.6781873787039017,83.90936893519509,0,31.078305845971443,36.752805224654765,50.71171666666667
B0036,278,2.4440624320786557,122.20312160393279,0,33.98757612493629,38.49714613607372,73.73671666666668
B0036,282,1.6913403148932205,84.56701574466102,0,32.26010764297862,37.31224141481378,51.112766666666666
B0036,284,1.6802787096613283,84.01393548306642,0,31.42619925446257,36.59740421257035,50.76875
B0036,286,1.673147301023026,83.6573650511513,0,31.20956154006514,36.44126696853565,50.56041666666667
B0036,288,1.6704292090032429,83.52146045016214,0,31.078110221174402,36.32670051789851,50.47603333333333
B0036,290,1.6659903350115992,83.29951675057995,0,31.053614094154142,36.29811998606583,50.34973333333333
B0036,294,1.664241575272447,83.21207876362236,0,31.06053283354067,36.315665405173284,50.28985
B0036,296,1.6668450767774965,83.34225383887483,0,30.97728291917627,36.31712206468977,50.369
B0036,298,1.6594501560667536,82.97250780333768,0,30.93918723715448,36.228571111440864,50.15026666666667
B0036,300,1.662412523067319,83.12062615336595,0,30.926289651305336,36.35810336081934,50.24453333333334
B0036,302,1.6603526083225701,83.01763041612851,0,30.863054927475556,36.29901438256062,50.178383333333336
B0036,306,1.6610231379633236,83.05115689816618,0,31.038017243387284,36.42868217427085,50.19583333333333
B0036,308,1.6575187557321613,82.87593778660806,0,31.04050751190746,36.39664144336581,50.09556666666666
B0036,310,1.6507877959674548,82.53938979837274,0,30.957302786226403,36.317435246585276,49.895833333333336
B0036,312,1.6532570062110141,82.66285031055071,0,30.945276932009087,36.40596657880105,49.96875
B0036,314,1.6494214846772686,82.47107423386343,0,30.888914324823496,36.28093983069052,49.84765
B0036,318,1.6678591915666705,83.39295957833353,0,32.321489418619095,37.95295717388789,50.40755
B0036,320,1.670862764324967,83.54313821624835,0,33.23510488083581,38.41829396059596,50.51275
B0036,322,1.6658118164053368,83.29059082026684,0,32.672384089467116,37.82488704281872,50.34688333333334
B0036,324,1.6532998517617,82.664992588085,0,31.627875999689845,36.92206046060923,49.96926666666666
B0036,326,1.6468787023528522,82.3439351176426,0,31.234092745007935,36.61884081007243,49.77943333333334
B0036,330,1.6718953249703756,83.59476624851878,0,31.95070753872921,37.26760229905419,50.5388
B0036,334,1.6807743463585727,84.03871731792863,0,32.94223311807837,38.257226591815964,50.795049999999996
B0036,336,1.6737717086703074,83.68858543351537,0,31.941852555671353,37.22999793294153,50.5828
B0036,338,1.6605773762487392,83.02886881243697,0,31.44720711271493,36.750095375605376,50.195566666666615
B0036,340,1.655987781146086,82.7993890573043,0,31.12482497372082,36.461339694064534,50.048700000000004
B0036,342,1.6468623183898439,82.34311591949219,0,30.75545169222773,36.121581178683655,49.77863333333333
B0036,346,1.6574621175432847,82.87310587716424,0,32.32491302674166,37.62901534109348,50.10338333333333
B0036,348,1.6603991175216894,83.01995587608447,0,32.9527098749988,38.17206500603514,50.19348333333333
B0036,350,1.6460789092837111,82.30394546418556,0,31.963338156822648,37.074417465672504,49.765883333333335
B0036,352,1.6408366462659327,82.04183231329664,0,31.192560893948695,36.555960407488875,49.60521666666658
B0036,354,1.6344408920281601,81.722044601408,0,31.01189616418059,36.35822055804636,49.4125
B0036,358,1.6374039186504212,81.87019593252106,0,31.59342641124915,37.04815005782166,49.49921666666667
B0036,360,1.64738207540524,82.369103770262,0,32.451352345308976,37.78142773101782,49.80755
B0036,362,1.6545646441622355,82.72823220811178,0,33.70907658061942,38.98412239569435,50.020583333333335
B0036,364,1.640896560729935,82.04482803649675,0,32.3628652503866,37.65911041193654,49.603899999999996
B0036,366,1.6265229979339635,81.32614989669817,0,31.558941182174713,36.92167189475025,49.17316666666667
B0036,370,1.6217349144630457,81.08674572315229,0,31.135887556686384,36.59954969750561,49.02865
B0036,372,1.6248200059639546,81.24100029819773,0,31.04112225235265,36.62217023847058,49.11615
B0036,374,1.61880119736137,80.9400598680685,0,31.054879323980543,36.590898812608955,48.93618333333333
B0036,376,1.6137350490334217,80.68675245167108,0,31.10833607101402,36.59234456560626,48.788016666666664
B0036,378,1.612012823654141,80.60064118270705,0,30.944663670795183,36.48018480302178,48.74036666666667
B0036,382,1.6671032556887178,83.35516278443589,0,32.6791979812127,38.23567263982747,50.39765
B0036,386,1.6850133383886254,84.25066691943127,0,33.03296653786076,37.930952706812825,50.9362
B0036,388,1.6786654987614698,83.93327493807348,0,32.14080730031082,37.19257582780181,50.7513
B0036,390,1.6729763502191373,83.64881751095686,0,31.54659714469647,36.76201438343683,50.57083333333333
B0036,392,1.666489034299654,83.3244517149827,0,31.32211217550974,36.54833629882202,50.37681666666666
B0036,394,1.6698420840710908,83.49210420355455,0,31.944476209251814,37.37954300419149,50.480466666666665
B0036,398,1.6746744228027035,83.73372114013517,0,32.95970790517297,38.17965570439169,50.63125
B0036,400,1.6665045335145643,83.32522667572822,0,31.94954978552722,37.06880928199277,50.386449999999996
B0036,402,1.6522220848347273,82.61110424173637,0,31.016509562928245,36.3207199175235,49.9487
B0036,404,1.6462718275099526,82.31359137549762,0,30.717850318637232,36.10688426616758,49.774483333333336
B0036,406,1.642399234692521,82.11996173462605,0,30.879779806825745,36.31248307899438,49.65365
B0036,410,1.651178607099992,82.5589303549996,0,31.650221324336044,37.07549861586275,49.91745
B0036,412,1.6481683120281931,82.40841560140966,0,32.06625589927076,37.414877687125575,49.830466666666666
B0036,414,1.6478887725428397,82.39443862714198,0,31.895952062496796,37.09639528593206,49.82318333333333
B0036,416,1.635843650915682,81.7921825457841,0,30.985495506316067,36.366051667033084,49.45468333333338
B0036,418,1.6332362811945516,81.66181405972758,0,30.72140290899611,36.234238027710575,49.37681666666666
B0036,422,1.629926467682987,81.49632338414935,0,30.525764579406868,36.13330283566238,49.2836
B0036,424,1.6387862629287224,81.93931314643612,0,31.861104818689885,37.40631592104371,49.55468333333333
B0036,426,1.6359654863840773,81.79827431920387,0,32.31201872670814,37.77076533558071,49.46693333333334
B0036,428,1.631137043967566,81.55685219837831,0,31.793010248024903,37.14813436098321,49.32135
B0036,430,1.6220189720888463,81.10094860444231,0,31.01748043918613,36.53239990681521,49.046616666666765
B0036,434,1.6416044978422155,82.08022489211078,0,32.52627247756125,37.81511547301817,49.64816666666666
B0036,438,1.6253090231457805,81.26545115728902,0,30.971239918679984,36.404593910301536,49.148183333333336
B0036,440,1.6196134522239483,80.9806726111974,0,30.76463270446893,36.31178502135717,48.97578333333333
B0036,442,1.6124236174774371,80.62118087387185,0,30.660177115279623,36.180551238597374,48.758066666666664
B0036,444,1.6077701029913394,80.38850514956697,0,30.586674094126863,36.10348020899565,48.62161666666667
B0036,446,1.6088077531981582,80.44038765990791,0,30.83253477381729,36.398158452424276,48.64896666666667
B0036,450,1.6083556258734268,80.41778129367134,0,30.68860522383244,36.348677496156625,48.6375
B0036,452,1.6068202519011539,80.34101259505769,0,30.620490468656016,36.30340414585353,48.59139999999994
B0036,454,1.601770977206713,80.08854886033565,0,30.598226708173872,36.26566178605087,48.43358333333333
B0036,456,1.594911734692208,79.7455867346104,0,30.522404975221356,36.17313667131571,48.23566666666667
B0036,458,1.5938139125387372,79.69069562693686,0,30.572012594415884,36.20038317528244,48.200516666666665
B0036,462,1.5920273129504596,79.60136564752298,0,30.525594309542488,36.12974352283867,48.145316666666666
B0036,464,1.5847361549778751,79.23680774889375,0,30.460152624234137,36.15128962766672,47.927350000000004
B0036,466,1.5763429363936798,78.817146819684,0,30.42634729502671,36.06503580876304,47.67968333333338
B0036,468,1.5720229174642286,78.60114587321144,0,30.477932880980596,36.12802521407918,47.5474
B0036,470,1.5729874285512353,78.64937142756176,0,30.47370962894708,36.26774799217623,47.57733333333333
B0036,474,1.596985400389019,79.84927001945094,0,33.14386747805384,38.43630283495838,48.2974
B0036,476,1.595726023703856,79.7863011851928,0,32.934539010545976,38.52063845392343,48.267716666666665
B0036,478,1.579500338340559,78.97501691702796,0,31.954024468442526,37.489412293667954,47.77056666666667
B0036,480,1.5629469877520186,78.14734938760093,0,31.19189073934152,36.78751789975617,47.27681666666667
B0036,482,1.5591129431541175,77.95564715770588,0,30.99297651094941,36.62637340717898,47.1586
B0038,0,0.8980573709676724,44.902868548383616,0,38.8265055747093,51.693778100060996,16.3823
B0038,4,1.1026236331914077,55.13118165957038,0,40.49651673815248,51.136880141242045,24.83255
B0038,6,1.0885801879473431,54.42900939736715,0,40.3082686076966,51.3517572303697,24.661716666666667
B0038,8,1.0613249847591086,53.06624923795543,0,39.93347404849829,49.541551118224994,24.469533333333334
B0038,10,1.0347062057983545,51.73531028991773,0,39.949996492029705,49.944004344349516,24.283333333333335
B0038,12,1.0269978594353013,51.349892971765065,0,40.03056196708513,50.47284162905345,23.950783333333334
B0038,16,1.0785019710989419,53.92509855494709,0,39.44913263410249,49.83589725328242,19.50885
B0038,20,1.0638897478802845,53.194487394014224,0,40.058567746287395,50.058224679961086,23.935683333333333
B0038,22,1.0366551223324423,51.832756116622114,0,39.916070861462195,49.70254627455938,23.669533333333334
B0038,24,1.030941327482094,51.5470663741047,0,40.27645391572808,51.354295522888854,23.283333333333335
B0038,26,1.0140084541034655,50.700422705173274,0,40.1754669430076,50.44246795838984,23.220833333333335
B0038,28,1.008516095994519,50.425804799725945,0,40.41336717515726,51.33205933952721,23.015633333333334
B0038,32,1.7419245088095903,87.09622544047951,0,44.29688064198706,49.52801806570102,106.2638
B0038,36,1.779741859708433,88.98709298542164,0,47.195451017988766,49.28701938671706,109.57785
B0038,38,1.7815666306452766,89.07833153226383,0,47.146072926598166,49.17905905171433,109.51926666666671
B0038,40,1.7834859577156017,89.17429788578008,0,47.127641701986995,49.180910484252195,109.48516666666666
B0038,42,1.7864411650415675,89.32205825207838,0,47.09918641441624,49.05688408240341,109.3125
B0038,44,1.7859997608067948,89.29998804033974,0,47.133209565495285,49.130320508041244,109.45859999999999
B0038,48,1.7769523773001608,88.84761886500804,0,47.15436113022586,49.23198595690627,107.16953333333332
B0038,52,1.781428917321899,89.07144586609495,0,47.16342394557887,49.16417337699806,109.2387999999999
B0038,54,1.7859452772697197,89.29726386348598,0,47.14213994735863,49.04035070342245,109.3487
B0038,56,1.785208429691551,89.26042148457755,0,47.07812277465954,48.97912041843542,109.31745
B0038,58,1.783596609584544,89.17983047922719,0,47.07326100880018,48.978872169562095,109.22968333333333
B0038,60,1.7796783152744713,88.98391576372356,0,47.08146790123274,49.04045996790738,109.00311666666667
B0038,64,1.7841102592788645,89.20551296394322,0,47.087615537529175,48.958853345028835,108.93203333333332
B0038,66,1.7833032331592193,89.16516165796097,0,47.09422579980021,49.017772603097235,109.06796666666668
B0038,68,1.7796186141356956,88.98093070678478,0,47.083185115341905,48.99249018111872,108.85311666666666
B0038,70,1.7816592334352586,89.08296167176293,0,47.06402084308688,48.94618497316047,108.80936666666666
B0038,72,1.7775911304124035,88.87955652062017,0,47.07142767555465,49.0209427982368,108.75311666666667
B0038,76,1.777701881971679,88.88509409858395,0,47.094941474493815,49.014180829264426,108.59896666666667
B0038,78,1.7789547618270618,88.94773809135309,0,47.0995133510692,49.08755174393166,108.86691666666667
B0038,80,1.7807753731135043,89.03876865567521,0,47.07452189489319,49.000307836809725,108.7987
B0038,82,1.778415319026661,88.92076595133305,0,47.12153419194554,49.05042538685695,108.65546666666667
B0038,84,1.7789773899108463,88.94886949554231,0,47.15829653400459,49.08198729235301,108.50105
B0038,88,1.7792479347236045,88.96239673618022,0,47.161612217353984,49.132796873113755,108.36196666666666
B0038,90,1.7779204573685081,88.8960228684254,0,47.155567707969865,49.13552693190528,108.48411666666667
B0038,92,1.779227040224144,88.9613520112072,0,47.13225621283967,49.04172173314357,108.37396666666667
B0038,94,1.7760634320079352,88.80317160039675,0,47.13346886842004,49.09468753497383,108.36744999999999
B0038,96,1.775103937963957,88.75519689819785,0,47.176385542899524,49.057064718364046,108.31433333333332
B0038,100,1.733064100138742,86.6532050069371,0,50.154407994251926,54.42193934195762,52.700783333333334
B0038,104,1.7394892806215223,86.97446403107611,0,50.1979427615177,54.61602412701822,52.88568333333333
B0038,106,1.7378064360392924,86.89032180196462,0,50.18895736512512,54.621843575697525,52.830733333333335
B0038,108,1.730028145799833,86.50140728999165,0,50.178407502665095,54.57283441287881,52.609383333333334
B0038,110,1.7290404566542985,86.45202283271493,0,50.182509844874,54.65884815489962,52.58411666666667
B0038,112,1.7286072907068815,86.43036453534407,0,50.173666427799,54.51993729622157,52.37186666666666
B0038,116,1.52573884649634,76.28694232481699,0,58.41948951650429,69.28796559754325,24.750783333333334
B0038,120,1.5301475534434217,76.50737767217109,0,58.954810986890266,69.86974573152932,24.821883333333336
B0039,0,0.11903831859341765,5.951915929670883,0,34.70141183965182,41.68577610887712,16.3823
B0039,4,0.4729861500927512,23.64930750463756,0,34.602296282226774,42.96184230643531,24.83255
B0039,6,0.16280793829202067,8.140396914601034,0,34.706915531211784,43.606076550083,24.661716666666667
B0039,8,0.4787632853388766,23.93816426694383,0,34.771517765327,43.90627471664096,24.469533333333334
B0039,10,0.4711383364607152,23.55691682303576,0,34.709560141583104,44.013774813837145,24.283333333333335
B0039,12,0.4668172561120673,23.340862805603365,0,34.65890294500357,42.922031048645835,23.950783333333334
B0039,16,0.4699932676625547,23.499663383127736,0,35.44499437757343,43.24542727979999,19.50885
B0039,20,0.4627052684317185,23.135263421585925,0,34.6176662375867,43.86578283702087,23.935683333333333
B0039,22,0.46049447826560974,23.024723913280486,0,34.65017232704175,43.67270130471354,23.669533333333334
B0039,24,0.4412227248835694,22.06113624417847,0,34.822277873738145,43.79137016976176,23.283333333333335
B0039,26,0.44354421943965844,22.177210971982923,0,34.67233382014022,43.92654641714406,23.220833333333335
B0039,28,0.4126655541164234,20.633277705821172,0,34.74469432520436,43.36143647499468,23.015633333333334
B0039,32,1.7461791006389626,87.30895503194813,0,44.007524345018545,48.10057733769074,106.2638
B0039,36,1.7695250734505363,88.47625367252682,0,46.67611297517316,48.36094927051516,109.57785
B0039,38,1.7715391419501945,88.57695709750972,0,46.6383045331837,48.205077970133914,109.51926666666671
B0039,40,1.770625483958279,88.53127419791394,0,46.624310116631904,48.181498766889746,109.48516666666666
B0039,42,1.7704040639447296,88.52020319723648,0,46.60181681852236,48.22285805925047,109.3125
B0039,44,1.7695081788801759,88.47540894400879,0,46.64079559317347,48.311132730789595,109.45859999999999
B0039,48,1.7638356274269416,88.19178137134708,0,46.65269866016946,48.31988246057892,107.16953333333332
B0039,52,1.7715725869786123,88.57862934893062,0,46.637301691869546,48.191612511475654,109.2387999999999
B0039,54,1.7701196454489683,88.50598227244842,0,46.62385161772923,48.22746339794149,109.3487
B0039,56,1.7667569752860521,88.3378487643026,0,46.59535143073503,48.171946839870586,109.31745
B0039,58,1.7648743629092642,88.24371814546322,0,46.59281927437507,48.20204512091098,109.22968333333333
B0039,60,1.763838685943225,88.19193429716124,0,46.595538716376765,48.208085483124755,109.00311666666667
B0039,64,1.7657225752056789,88.28612876028394,0,46.61592285314662,48.216947901934525,108.93203333333332
B0039,66,1.7645632809383045,88.22816404691523,0,46.61306744285817,48.23861432117145,109.06796666666668
B0039,68,1.7608991948479125,88.04495974239562,0,46.60739102749507,48.2409468668017,108.85311666666666
B0039,70,1.7598362095817717,87.99181047908858,0,46.59731896053421,48.28638353591076,108.80936666666666
B0039,72,1.7590955400143164,87.95477700071582,0,46.60563234024716,48.23633627651948,108.75311666666667
B0039,76,1.7560495443976523,87.80247721988262,0,46.62474216211915,48.268194411694395,108.59896666666667
B0039,78,1.7571677199949287,87.85838599974643,0,46.6386326424737,48.25892855404056,108.86691666666667
B0039,80,1.7558911269459976,87.79455634729987,0,46.62408082494751,48.27406092264485,108.7987
B0039,82,1.7533419072229914,87.66709536114958,0,46.6573959514452,48.37743085469793,108.65546666666667
B0039,84,1.7506673845335168,87.53336922667584,0,46.69850634609825,48.34229218799801,108.50105
B0039,88,1.7510006664162403,87.55003332081202,0,46.70366699259687,48.35205523072366,108.36196666666666
B0039,90,1.7496058853847873,87.48029426923937,0,46.69858207228199,48.36227474052515,108.48411666666667
B0039,92,1.7477359172183355,87.38679586091678,0,46.68478011498361,48.39407566049798,108.37396666666667
B0039,94,1.7444225468099093,87.22112734049546,0,46.691631182155156,48.40712816602448,108.36744999999999
B0039,96,1.743308366083936,87.16541830419679,0,46.752413955353425,48.476824345274245,108.31433333333332
B0039,100,1.6556691733888471,82.78345866944235,0,49.300859599002976,52.90221489344579,52.700783333333334
B0039,104,1.64297669457593,82.1488347287965,0,49.34643167372232,53.04880173105535,52.88568333333333
B0039,106,1.6343822729361266,81.71911364680633,0,49.35236153077406,53.017440171542674,52.830733333333335
B0039,108,1.6265067062165601,81.32533531082801,0,49.34646841409122,53.07430485716129,52.609383333333334
B0039,110,1.618865991735961,80.94329958679805,0,49.35565140520816,53.15177003577248,52.58411666666667
B0039,112,1.6114968339209264,80.57484169604632,0,49.368284273788476,53.01718592680281,52.37186666666666
B0039,116,1.3240805773461226,66.20402886730614,0,55.97390404609549,63.94078057196598,24.750783333333334
B0039,120,1.3153386221697692,65.76693110848846,0,55.95647115817562,64.14381595669508,24.821883333333336
B0040,0,0.6734628137095633,33.67314068547817,0,34.520854008155766,40.67740211970284,16.3823
B0040,4,0.7913062105760345,39.565310528801724,0,34.02922924081149,41.121867004450536,24.83255
B0040,6,0.7865824034601745,39.329120173008725,0,34.012090723638956,41.63283156392668,24.661716666666667
B0040,8,0.7795871426061582,38.97935713030791,0,33.978388906178346,41.715752737182754,24.469533333333334
B0040,10,0.7628241523125163,38.14120761562582,0,33.83721613724266,41.61695629052659,24.283333333333335
B0040,12,0.7405021514606399,37.025107573031995,0,33.67935609685469,40.41568117134027,23.950783333333334
B0040,16,0.7783970881100656,38.91985440550328,0,34.856675647434145,41.6427020562054,19.50885
B0040,20,0.7733165409025605,38.665827045128026,0,33.93437846177736,41.666127528934624,23.935683333333333
B0040,22,0.7589575236409498,37.947876182047494,0,33.87341008861747,41.55823578501682,23.669533333333334
B0040,24,0.7407399462256391,37.03699731128196,0,33.801632457231946,41.25451200429936,23.283333333333335
B0040,26,0.7446218752617147,37.23109376308574,0,33.841214598826475,40.054637074465475,23.220833333333335
B0040,28,0.7149875629820736,35.74937814910368,0,33.68915739169769,40.76452850374992,23.015633333333334
B0040,32,1.7075144448533202,85.375722242666,0,44.27504698193625,47.459255426003025,106.2638
B0040,36,1.730880859428193,86.54404297140965,0,46.496780020843715,47.733284854985534,109.57785
B0040,38,1.7328212845233328,86.64106422616665,0,46.4678468881245,47.68533526444168,109.51926666666671
B0040,40,1.7317734323431513,86.58867161715756,0,46.45190241544343,47.67231335727975,109.48516666666666
B0040,42,1.7341296392350067,86.70648196175034,0,46.440231939332925,47.70025798751115,109.3125
B0040,44,1.7334756929990074,86.67378464995036,0,46.465222077063906,47.70250785089967,109.45859999999999
B0040,48,1.7243057179457875,86.21528589728938,0,46.49072067213048,47.775675904382155,107.16953333333332
B0040,52,1.7318975861687205,86.59487930843602,0,46.47888431603475,47.68448077336878,109.2387999999999
B0040,54,1.7333691208377457,86.66845604188728,0,46.45480276183313,47.66868390973605,109.3487
B0040,56,1.732175650153278,86.60878250766389,0,46.423098338329766,47.63553822379171,109.31745
B0040,58,1.7334832776102866,86.67416388051433,0,46.417883981463206,47.64097688926351,109.22968333333333
B0040,60,1.732372495746513,86.61862478732564,0,46.41962937983974,47.676606958578276,109.00311666666667
B0040,64,1.7338175297202416,86.69087648601209,0,46.437216774742105,47.670062907549664,108.93203333333332
B0040,66,1.7329630786357868,86.64815393178934,0,46.440515516123355,47.67504818462313,109.06796666666668
B0040,68,1.7318839084573339,86.59419542286669,0,46.438246093452804,47.662264804076635,108.85311666666666
B0040,70,1.7306960059812662,86.5348002990633,0,46.419799968945064,47.65776484346084,108.80936666666666
B0040,72,1.7296011601947467,86.48005800973733,0,46.41925960985013,47.65588226485245,108.75311666666667
B0040,76,1.7296187381064656,86.48093690532328,0,46.442880190211326,47.68924379895171,108.59896666666667
B0040,78,1.7307198617163877,86.53599308581938,0,46.455010751151,47.68013294716548,108.86691666666667
B0040,80,1.729274556175907,86.46372780879535,0,46.42899601057106,47.69683888709109,108.7987
B0040,82,1.7297962212599596,86.48981106299797,0,46.44608315517329,47.68346890250753,108.65546666666667
B0040,84,1.7268942069037494,86.34471034518747,0,46.477279245422224,47.72656082449746,108.50105
B0040,88,1.7272191689306016,86.36095844653008,0,46.50566493668475,47.7336433887077,108.36196666666666
B0040,90,1.7285674981160106,86.42837490580052,0,46.489529302216496,47.73354479118836,108.48411666666667
B0040,92,1.726636381605547,86.33181908027736,0,46.47422502580763,47.74132595782936,108.37396666666667
B0040,94,1.7262424141835067,86.31212070917533,0,46.467598009037445,47.737403270809644,108.36744999999999
B0040,96,1.7252725927602899,86.26362963801449,0,46.50711933936233,47.780084445812335,108.31433333333332
B0040,100,1.6668026877455053,83.34013438727527,0,48.821116047310866,51.74025766413764,52.700783333333334
B0040,104,1.666754853762041,83.33774268810204,0,48.862739172817825,51.80596353207629,52.88568333333333
B0040,106,1.6583274448761054,82.91637224380527,0,48.859668212563015,51.79140734732303,52.830733333333335
B0040,108,1.65032263550715,82.51613177535751,0,48.84759659003841,51.7543308845732,52.609383333333334
B0040,110,1.6493406341242296,82.46703170621149,0,48.86015453747502,51.86320043661648,52.58411666666667
B0040,112,1.641919055037739,82.09595275188694,0,48.85593683732135,51.81917888349145,52.37186666666666
B0040,116,0.425812451177779,21.29062255888895,0,49.04132294442338,53.95646661253941,24.750783333333334
B0040,120,0.5569902643736575,27.849513218682876,0,50.17313973556242,55.67880428959517,24.821883333333336
B0041,0,0.055620243768194036,2.7810121884097017,0,7.85677103517608,9.925006929139913,17.726816666666664
B0041,3,0.05569747261227687,2.7848736306138435,0,7.793067309492065,10.752582877071836,17.794016666666668
B0041,5,0.05583901629185397,2.7919508145926986,0,7.471857159027487,10.859754872978824,17.478116666666665
B0041,7,0.056148059974053,2.80740299870265,0,7.8427380417497545,10.755318068306904,17.333066666666664
B0041,9,0.05647053159913906,2.823526579956953,0,8.729861757639965,10.897588103290213,11.455466666666666
B0041,11,0.044092291840801906,2.2046145920400955,0,7.667746337954232,9.341307040097297,17.458849999999998
B0041,15,0.05677191308141789,2.8385956540708945,0,7.7591749084721195,10.393349980789248,17.30625
B0041,17,0.056938376500757296,2.8469188250378648,0,7.595487830652279,10.096648262126735,17.178383333333333
B0041,19,0.04440148411312257,2.2200742056561285,0,8.243992753511499,10.90616342735489,16.846083333333333
B0041,21,0.04463435818491618,2.231717909245809,0,7.468945958924572,8.568134800681483,17.09531666666667
B0041,23,0.04479872243657484,2.239936121828742,0,7.530653071201209,10.723989411834728,16.94765
B0041,27,0.04670898780785478,2.3354493903927387,0,7.508014036482144,10.069265727154304,17.017983333333333
B0041,29,0.04495371533089529,2.2476857665447643,0,7.7964600722995465,11.678125966059154,16.8427
B0041,31,0.045219329019542696,2.260966450977135,0,7.8034524490998285,10.184555541046695,16.721883333333334
B0041,33,0.04540222414694979,2.2701112073474894,0,7.338169121535551,10.778359079693514,16.769783333333333
B0041,35,0.04567901224974174,2.2839506124870868,0,7.996082185455724,10.339342995308634,16.61275
B0041,39,0.04552080257033988,2.276040128516994,0,7.616516148546487,11.13650452054683,16.657033333333334
B0041,41,0.045728541460242564,2.286427073012128,0,8.204866825805862,9.695569312291523,16.5039
B0041,43,0.045860512192502,2.2930256096251,0,8.60158441430347,10.5100184115379,10.149216666666666
B0041,45,0.045983556030275076,2.299177801513754,0,8.142046999932631,10.61900706852965,9.77865
B0041,47,0.04612876296673401,2.3064381483367002,0,8.360837093570488,10.81117656025071,9.598700000000001
B0041,51,0.0463714545530443,2.318572727652215,0,7.424942900733046,8.406830339250588,17.506766666666667
B0041,55,0.04642385425314327,2.3211927126571634,0,7.9013472750820934,9.345446470246115,17.345833333333335
B0041,57,0.046579469530564604,2.32897347652823,0,7.528844792233565,10.959408995323104,16.985416666666666
B0041,59,0.04672600894839656,2.336300447419828,0,8.9516558822886,10.83821929996881,10.314066666666667
B0041,61,0.046863472432443716,2.343173621622186,0,8.178079824357086,9.713734913231036,17.325783333333334
B0041,63,0.047123070484888584,2.356153524244429,0,7.858156748807482,11.338971542207569,16.7388
B0041,67,0.047089685801538064,2.354484290076903,0,7.290664996377678,8.874610339188825,16.7625
B0041,69,0.04716816990682447,2.3584084953412234,0,7.329912113720836,10.892975819528624,16.596616666666666
B0041,71,0.047416623395846624,2.370831169792331,0,7.554859379508905,9.921480417012175,16.648683333333334
B0041,73,0.04747365818614322,2.373682909307161,0,7.849809440149771,9.340703602759723,16.485683333333334
B0041,75,0.04767107168829607,2.3835535844148033,0,7.70135529903965,10.415323507314886,16.32005
B0041,79,0.04775614866793622,2.387807433396811,0,7.894047750295666,10.395152109274877,16.567183333333332
B0041,81,0.04783369052905227,2.3916845264526136,0,8.037186019526875,11.381000616023893,16.19193333333333
B0041,83,0.047922817158937946,2.3961408579468975,0,7.949369169721323,11.200598645773905,13.509383333333334
B0041,85,0.048108024971614455,2.4054012485807226,0,9.047225819573063,10.936042652403566,9.984116666666667
B0041,87,0.04808782735825877,2.4043913679129383,0,6.867303793453594,9.652988520428657,1.8179666666666667
B0041,91,0.04842261926326617,2.4211309631633084,0,7.376798555753924,9.298616166335734,1.8195166666666664
B0041,93,0.04798649525462829,2.3993247627314145,0,6.443867741135219,8.441835425382303,1.6080666666666665
B0041,95,0.04822175200495124,2.411087600247562,0,8.159447293088878,10.811071564713467,1.8182333333333331
B0041,97,0.04787731566765343,2.3938657833826715,0,5.5290205453691215,7.830975218816948,1.6151000000000002
B0041,99,0.04829032055579415,2.4145160277897078,0,7.124961498497141,9.120173569834156,1.6169166666666668
B0041,103,1.2156494086360898,60.78247043180449,0,9.154846882609299,14.806765885071044,93.47968333333333
B0041,107,1.1476416320946565,57.382081604732825,0,8.881539906101905,13.99744937533934,95.05493333333334
B0041,109,1.1194574527298193,55.97287263649097,0,8.750669611128531,14.356275659290002,94.4672
B0041,111,1.0841325641850128,54.20662820925064,0,8.86215516188506,14.518586105925962,93.90078333333332
B0041,113,1.0607784232892656,53.03892116446328,0,8.671218071184748,12.628628797798616,93.03958333333334
B0041,115,1.0170312865626592,50.85156432813296,0,8.757399436040695,14.249076739876307,92.78881666666666
B0041,119,1.0000374999808574,50.00187499904287,0,8.639658664137915,13.400963787224587,92.14088333333333
B0041,121,0.991506494786248,49.5753247393124,0,8.65548107609068,13.143596987494343,91.88983333333334
B0041,123,0.9655644425371017,48.278222126855084,0,8.759984675272241,14.777209247015291,91.43645
B0041,125,0.9383311962439673,46.916559812198365,0,8.830297151200996,14.304402604245366,91.03203333333333
B0041,127,0.9298903389240268,46.494516946201344,0,8.799768115250679,14.331273599738246,90.63595000000001
B0041,131,0.9072117399448598,45.36058699724299,0,8.745105198865453,14.563719307573445,90.04791666666667
B0041,133,0.9176870676937323,45.88435338468662,0,8.946917298516645,13.829855263617011,89.74063333333334
B0041,135,0.9157430721963028,45.78715360981514,0,9.040543925569377,13.737164003906683,89.08098333333334
B0041,137,0.9111662690050432,45.55831345025216,0,8.532733645586704,12.81091218035467,88.41926666666667
B0041,139,0.8968901443572698,44.84450721786349,0,8.782675041661408,14.671197747849568,88.07578333333332
B0041,143,0.8862133472800153,44.310667364000764,0,8.560357801003482,13.038382746716444,87.79738333333333
B0041,145,0.8931124136187014,44.65562068093507,0,8.764133478033603,13.714494392375379,87.16146666666667
B0041,147,0.880898507091054,44.0449253545527,0,8.765404824218605,14.575589138075149,86.78256666666667
B0041,149,0.8798879382023741,43.9943969101187,0,8.755093905294753,13.067203225526347,86.3177
B0041,151,0.8682347537115443,43.411737685577215,0,8.893802155578395,14.838581695723233,85.73515
B0041,155,0.8443569490395516,42.21784745197758,0,8.81827276383748,14.14400886283852,85.71485
B0041,157,0.8657093203148538,43.28546601574269,0,8.817889726396931,13.627764711730384,85.16223333333333
B0041,159,0.848696904019178,42.4348452009589,0,8.813349159884925,13.996072333026769,84.64895
B0041,161,0.8364948433646345,41.82474216823173,0,8.798028132789177,14.227945473001952,84.19453333333333
B0042,2,1.7287126633755356,86.43563316877677,0,30.57466734048236,36.717449850963185,56.015366666666665
B0042,4,1.7314706281853145,86.57353140926573,0,29.95773352180402,35.70113647811508,54.823433333333334
B0042,6,1.7282350363146088,86.41175181573044,0,29.657371849977196,35.604456217007545,54.079950000000004
B0042,8,1.720344742291621,86.01723711458105,0,29.58111945436258,35.76285352997919,53.52396666666667
B0042,10,1.7221734367707637,86.10867183853819,0,29.852452033753185,36.007677297437105,52.926566666666666
B0042,14,0.0,0.0,0,29.44940696187815,33.431937420119205,44.110416666666666
B0042,16,1.708669577331945,85.43347886659724,0,30.133153080135422,36.26317829568585,52.02786666666667
B0042,18,1.7036476485918646,85.18238242959323,0,29.740453708978055,35.7623078299739,51.71561666666666
B0042,20,1.6958375743577971,84.79187871788986,0,29.503354124651093,35.6522927277619,51.49061666666667
B0042,22,1.6949064846676911,84.74532423338455,0,29.324509292718897,35.46408341742395,51.295833333333334
B0042,26,1.6874768094352455,84.37384047176228,0,29.22569193760115,35.57686579319408,51.24791666666667
B0042,28,1.685989172917945,84.29945864589725,0,29.238210532728655,35.388257294125744,51.03151666666667
B0042,30,1.6782864747774933,83.91432373887466,0,29.20609205353922,35.480764002425865,50.97448333333333
B0042,32,1.6739647640901527,83.69823820450763,0,29.183920322474094,35.44318242068533,50.67916666666667
B0042,34,1.6722378801237066,83.61189400618532,0,29.153714127894734,35.53526888191109,50.62735
B0042,38,1.6759897900491967,83.79948950245983,0,29.10632507144163,35.63389752973798,50.74713333333333
B0042,40,1.6618247672847988,83.09123836423994,0,29.126742424015156,35.59922975777694,50.50416666666667
B0042,42,1.6606710352566112,83.03355176283056,0,29.11535255703125,35.43687423276839,50.292966666666665
B0042,44,1.6530644874507203,82.65322437253602,0,29.12272547212756,35.61618852753751,50.25
B0042,46,1.649953986270456,82.4976993135228,0,29.13774561916092,35.607533152172905,49.9909
B0042,50,1.681297805444492,84.0648902722246,0,29.35747712988229,35.78017086282214,50.914316666666664
B0042,54,1.6700520424481298,83.50260212240649,0,30.058298726634376,36.29735151754127,50.58125
B0042,56,1.667181860354792,83.35909301773961,0,30.335552136245834,36.77407258413331,50.5
B0042,58,1.6568865613275168,82.84432806637584,0,30.22790176989086,36.689880841645596,50.19635
B0042,60,1.6449819446579936,82.24909723289969,0,30.04068826163031,36.474588298798025,49.8375
B0042,62,1.639214585000014,81.9607292500007,0,29.995148407588697,36.537300845099665,49.670566666666666
B0042,66,1.6410599890208055,82.05299945104028,0,30.299545316589416,36.91332213005366,49.91406666666667
B0042,68,1.6432696512198481,82.1634825609924,0,30.68092451180232,37.19792815636057,49.794533333333334
B0042,70,1.6298673102402295,81.49336551201148,0,30.663435287795615,37.30788971906059,49.58516666666667
B0042,72,1.6238536344658807,81.19268172329403,0,30.40848004603748,36.91850317978018,49.22031666666667
B0042,74,1.6186308887044174,80.93154443522087,0,30.239404481904074,37.047150483309736,49.258066666666664
B0042,78,1.6193418112441196,80.96709056220598,0,30.138707501965232,37.11898525927804,49.2836
B0042,80,1.614593271326993,80.72966356634966,0,30.49092272629849,37.20592886199134,49.13698333333333
B0042,82,1.6072040891927848,80.36020445963923,0,30.52916769412123,37.368553487110155,48.925
B0042,84,1.6012663590062357,80.06331795031178,0,30.179619049814637,36.95276259711366,48.56328333333343
B0042,86,1.5940407410631041,79.70203705315521,0,29.93310245467766,36.815592394057184,48.34505
B0042,90,1.5946888289374477,79.73444144687238,0,29.855112852408766,36.96422627426333,48.56718333333333
B0042,92,1.5882100957302596,79.41050478651299,0,30.257387669276046,37.23035953747147,48.36613333333333
B0042,94,1.587985558077698,79.39927790388491,0,30.562785800580222,37.46832272742832,48.36223333333333
B0042,96,1.5799165406650344,78.99582703325171,0,30.59004134732037,37.650592081498104,48.123450000000005
B0042,98,1.5655946193652834,78.27973096826418,0,30.190272809188617,37.16199226931662,47.698949999999996
B0042,102,0.07070127737340176,3.535063868670088,0,24.183402923813027,36.86635295736364,17.5875
B0042,106,0.08416878530139071,4.2084392650695355,0,23.826987359225914,38.12553242159685,16.869783333333334
B0042,108,0.08443785621465827,4.221892810732913,0,23.77974968565753,38.33981699002702,16.519533333333335
B0042,110,0.08478919060590338,4.239459530295169,0,23.729074463498662,37.77196459678644,16.368233333333333
B0042,112,0.09334258183442584,4.667129091721292,0,24.093822128089528,36.82466507220515,17.726816666666664
B0042,115,0.10603180131397782,5.301590065698891,0,23.99346261249294,38.55810679258891,17.794016666666668
B0042,117,0.106505866207118,5.3252933103558995,0,24.134267829139272,38.71410921886447,17.478116666666665
B0042,119,0.09439111585512952,4.719555792756476,0,24.399198659580694,38.82770605774448,17.333066666666664
B0042,121,0.09450595927387112,4.725297963693556,0,19.290333517015608,28.576587463983174,11.455466666666666
B0042,123,0.08211456108215626,4.1057280541078125,0,24.880141621063864,39.82101597656743,17.458849999999998
B0042,127,0.09518470631946747,4.759235315973374,0,24.484790248053308,39.40691039052945,17.30625
B0042,129,0.09539129998659052,4.769564999329526,0,24.324380281877854,39.34611379625948,17.178383333333333
B0042,131,0.08289664565854568,4.144832282927284,0,24.31173812149945,37.81632351305823,16.846083333333333
B0042,133,0.08343199036452603,4.1715995182263015,0,24.798155128694976,39.87139328791911,17.09531666666667
B0042,135,0.09624772156495698,4.812386078247849,0,24.477937441374635,39.50565821587436,16.94765
B0042,139,0.0871279249656989,4.356396248284946,0,24.426888204419104,38.61632478517865,17.017983333333333
B0042,141,0.09681912182757578,4.840956091378789,0,24.529804368213707,39.5809379115645,16.8427
B0042,143,0.08440054891345107,4.220027445672554,0,24.521420210496924,38.80523939319278,16.721883333333334
B0042,145,0.09770121716674529,4.8850608583372646,0,24.626500323697712,39.65831560799121,16.769783333333333
B0042,147,0.08517426476572666,4.258713238286333,0,24.561944088587065,38.948661840205986,16.61275
B0042,151,0.08471993544879124,4.235996772439562,0,24.349376846518034,39.202440143533465,16.657033333333334
B0042,153,0.08548836969893649,4.274418484946825,0,24.83962802826491,39.957340694247904,16.5039
B0042,155,0.08577749933433501,4.288874966716751,0,18.66421642737719,27.779193601334228,10.149216666666666
B0042,157,0.08595553255245832,4.297776627622916,0,18.036688378070966,28.172175880273606,9.77865
B0042,159,0.08614796979658328,4.307398489829164,0,18.05907472602224,28.019806483186763,9.598700000000001
B0042,163,0.08652450808993331,4.3262254044966655,0,24.765477730551947,39.575497528042895,17.506766666666667
B0042,167,0.08676036428685732,4.338018214342866,0,25.247650848522692,40.52562745153084,17.345833333333335
B0042,169,0.08662025389371077,4.331012694685539,0,24.850317398468412,39.732594757918605,16.985416666666666
B0042,171,0.0869802394927499,4.349011974637495,0,18.864531156596232,28.137335489275593,10.314066666666667
B0042,173,0.07387787113473963,3.6938935567369815,0,25.750153086607327,40.647285732276394,17.325783333333334
B0042,175,0.08775865702231889,4.387932851115944,0,25.210180888220314,40.39876505346307,16.7388
B0042,179,0.08790576300272998,4.395288150136499,0,25.400612986280134,40.90163609300309,16.7625
B0042,181,0.08808784882200178,4.404392441100089,0,25.47246500800018,41.18900895779625,16.596616666666666
B0042,183,0.08834250268158712,4.417125134079356,0,25.7066698253335,41.34432689728045,16.648683333333334
B0042,185,0.07463055332745072,3.731527666372536,0,25.73079046383608,41.46126781944402,16.485683333333334
B0042,187,0.07485698665122698,3.7428493325613488,0,25.610151874322735,41.26138545585116,16.32005
B0042,191,0.07527573643141765,3.7637868215708825,0,25.871001272619925,41.67057172451578,16.567183333333332
B0042,193,0.07532351860488727,3.7661759302443634,0,25.600970602838455,41.186747771669836,16.19193333333333
B0042,195,0.07553765302367196,3.7768826511835982,0,22.972831047751573,36.899850438855346,13.509383333333334
B0042,197,0.07584285606128259,3.7921428030641295,0,19.739623944709617,29.79153666326944,9.984116666666667
B0042,199,0.0759921803489148,3.79960901744574,0,6.0573358126113375,9.15118085083689,1.8179666666666667
B0042,203,0.07621652609591999,3.810826304795999,0,6.452306826213871,8.639171556267463,1.8195166666666664
B0042,205,0.06216923141552526,3.108461570776263,0,5.8829411130714435,8.36040279366827,1.6080666666666665
B0042,207,0.0759822277461493,3.7991113873074647,0,7.141415346306763,10.13355592147926,1.8182333333333331
B0042,209,0.06227013548943564,3.113506774471782,0,4.976092805264432,7.825436879589506,1.6151000000000002
B0042,211,0.06259446608798445,3.1297233043992225,0,6.411857494253951,8.862063004604039,1.6169166666666668
B0042,215,1.4377344766079456,71.88672383039729,0,8.336150156814936,12.075623262738652,93.47968333333333
B0042,219,1.5246019289244055,76.23009644622027,0,8.088311260303593,11.61044167945082,95.05493333333334
B0042,221,1.5215273965539478,76.07636982769739,0,8.108636077883194,12.416393344856289,94.4672
B0042,223,1.5155323631175952,75.77661815587976,0,8.179473273978417,12.741907914911504,93.90078333333332
B0042,225,1.5044249661534554,75.22124830767277,0,8.133323147997125,11.812176644627149,93.03958333333334
B0042,227,1.5001507149498807,75.00753574749403,0,8.221548017024785,12.77319183354637,92.78881666666666
B0042,231,1.489011227320312,74.4505613660156,0,8.196033184015114,11.714847602816855,92.14088333333333
B0042,233,1.4810149357562845,74.05074678781422,0,8.16363192494008,11.58953853216132,91.88983333333334
B0042,235,1.476262027748574,73.8131013874287,0,8.182297960881899,12.228023164640563,91.43645
B0042,237,1.4662551025438961,73.3127551271948,0,8.239851195999249,12.995413081963957,91.03203333333333
B0042,239,1.4593282593817019,72.9664129690851,0,8.314381068196377,13.00690019959285,90.63595000000001
B0042,243,1.445704157754381,72.28520788771905,0,8.203300249486228,13.003396618491456,90.04791666666667
B0042,245,1.4400686089389023,72.00343044694512,0,8.252382764570392,12.802739574235913,89.74063333333334
B0042,247,1.4290313659547842,71.45156829773921,0,8.247452041994245,12.748426837127603,89.08098333333334
B0042,249,1.414172188151386,70.7086094075693,0,8.179356055314594,12.453422458173545,88.41926666666667
B0042,251,1.415603079129078,70.7801539564539,0,8.33800631225338,12.169150023943399,88.07578333333332
B0042,255,1.3994410223300702,69.97205111650351,0,8.293330795902381,12.726444405331803,87.79738333333333
B0042,257,1.3959635285794907,69.79817642897453,0,8.373136255476883,12.125723483812017,87.16146666666667
B0042,259,1.3929784652630588,69.64892326315294,0,8.329037453715973,12.113502869241639,86.78256666666667
B0042,261,1.3740772023800918,68.70386011900459,0,8.396128944133206,12.960410174687055,86.3177
B0042,263,1.3752493030002435,68.76246515001218,0,8.43692173445999,12.426232816501301,85.73515
B0042,267,1.3671966130854505,68.35983065427253,0,8.419794670115083,13.217541890864759,85.71485
B0042,269,1.356887600783644,67.8443800391822,0,8.409805733876953,13.047668558877342,85.16223333333333
B0042,271,1.3449320225969348,67.24660112984674,0,8.370055044633526,13.073094195785368,84.64895
B0042,273,1.3374691704584258,66.8734585229213,0,8.33428157906845,13.279102890770861,84.19453333333333
B0043,2,1.713782642126885,85.68913210634425,0,30.907894474048284,36.84241052511593,56.015366666666665
B0043,4,1.6955681658647108,84.77840829323554,0,30.363796429604484,36.2511342416132,54.823433333333334
B0043,6,1.6814906372051954,84.07453186025977,0,30.07611798184701,36.12855723169499,54.079950000000004
B0043,8,1.6786372409532953,83.93186204766477,0,30.05896964075817,36.352517880569266,53.52396666666667
B0043,10,1.6694168550864992,83.47084275432496,0,30.417149405736243,36.75256708066779,52.926566666666666
B0043,14,0.0,0.0,0,29.92385834200675,34.26334191029433,44.110416666666666
B0043,16,1.6611938521224778,83.05969260612389,0,30.617574721987218,36.83142721849718,52.02786666666667
B0043,18,1.6506423382064332,82.53211691032166,0,30.258236869364143,36.54735803665934,51.71561666666666
B0043,20,1.6424273190907783,82.12136595453892,0,29.936684037867014,36.223678523702304,51.49061666666667
B0043,22,1.6353664801041328,81.76832400520664,0,29.74762436888935,36.16960256825446,51.295833333333334
B0043,26,1.633232875930849,81.66164379654245,0,29.699035458962353,36.19613432531801,51.24791666666667
B0043,28,1.6258840554387932,81.29420277193967,0,29.746622188626663,36.217566438813456,51.03151666666667
B0043,30,1.617976174654771,80.89880873273854,0,29.642987306218718,36.09047688646367,50.97448333333333
B0043,32,1.6136652707273988,80.68326353636994,0,29.6639395578783,36.148984496134304,50.67916666666667
B0043,34,1.605821026619692,80.2910513309846,0,29.637650852441404,36.15795969792578,50.62735
B0043,38,1.6033527961961531,80.16763980980765,0,29.593597067401642,36.16956081888435,50.74713333333333
B0043,40,1.5951342406182645,79.75671203091322,0,29.63922727943673,36.13182777424954,50.50416666666667
B0043,42,1.5878135544728507,79.39067772364254,0,29.666195384468185,36.12995412374782,50.292966666666665
B0043,44,1.5800601969084245,79.00300984542122,0,29.635949832755518,36.115379230424814,50.25
B0043,46,1.575565087879128,78.7782543939564,0,29.671876354508125,36.260266208231016,49.9909
B0043,50,1.5950169012164208,79.75084506082104,0,29.993152820136338,36.73407518988127,50.914316666666664
B0043,54,1.5898075522577595,79.49037761288797,0,30.681276254794994,37.354359945059734,50.58125
B0043,56,1.5807953202097411,79.03976601048706,0,30.871236598447616,37.40944456827136,50.5
B0043,58,1.5704333289187615,78.52166644593808,0,30.779999574712413,37.26366414928814,50.19635
B0043,60,1.5643368431897877,78.21684215948939,0,30.581480715523952,37.270027909781355,49.8375
B0043,62,1.558307017802491,77.91535089012454,0,30.546605962885614,37.37612563137064,49.670566666666666
B0043,66,1.5537149289772467,77.68574644886233,0,30.92329503843904,37.57568180724724,49.91406666666667
B0043,68,1.549528250585513,77.47641252927565,0,31.225884514077716,37.80943515485114,49.794533333333334
B0043,70,1.5424430535161062,77.12215267580531,0,31.163201064541546,37.698369730936356,49.58516666666667
B0043,72,1.54256227031715,77.12811351585749,0,31.130645067035932,37.67202323454292,49.22031666666667
B0043,74,1.5309356452520158,76.54678226260079,0,30.837232735283838,37.5846177818102,49.258066666666664
B0043,78,1.5247733176952427,76.23866588476214,0,30.641318807832377,37.57163850758581,49.2836
B0043,80,1.5196742408779502,75.98371204389751,0,31.01732542847249,37.83811660125229,49.13698333333333
B0043,82,1.5123696925788683,75.61848462894342,0,30.93897323974993,37.76120652410461,48.925
B0043,84,1.499914486202397,74.99572431011985,0,30.585360437692227,37.43416840833683,48.56328333333343
B0043,86,1.4924106271188253,74.62053135594127,0,30.3648233882985,37.31899313705125,48.34505
B0043,90,1.492624987952706,74.6312493976353,0,30.432401864910737,37.586047363350716,48.56718333333333
B0043,92,1.4924024018806028,74.62012009403014,0,30.831835959630617,38.06717620893625,48.36613333333333
B0043,94,1.4853020201751674,74.26510100875838,0,31.094991080529404,38.034298138732915,48.36223333333333
B0043,96,1.477208127101587,73.86040635507936,0,31.038470618761803,37.8850432804777,48.123450000000005
B0043,98,1.4694738525181406,73.47369262590703,0,30.652253424171764,37.72173567628911,47.698949999999996
B0043,102,0.057034391042653794,2.85171955213269,0,7.628394260109583,10.169699784021773,17.5875
B0043,106,0.0571536334895882,2.85768167447941,0,7.4649167649876285,10.073103559906277,16.869783333333334
B0043,108,0.05729366005937665,2.8646830029688326,0,7.503302872635532,9.363713069880482,16.519533333333335
B0043,110,0.05744203185278054,2.872101592639027,0,7.637968852421283,9.49837575629517,16.368233333333333
B0043,112,0.06713062107721124,3.3565310538605617,0,7.608951449591351,9.502985965829737,17.726816666666664
B0043,115,0.06714781920234739,3.3573909601173693,0,7.076698354969239,8.979535773958249,17.794016666666668
B0043,117,0.06732001211690299,3.3660006058451493,0,7.203287534892745,10.239009824535195,17.478116666666665
B0043,119,0.06784038051613318,3.3920190258066594,0,7.515405447362731,10.120757638084276,17.333066666666664
B0043,121,0.06799604927210635,3.399802463605318,0,8.284967270173246,10.16908687877008,11.455466666666666
B0043,123,0.06828011147886554,3.414005573943277,0,6.857064194557378,7.981964148617724,17.458849999999998
B0043,127,0.06844632943125976,3.422316471562988,0,7.332807580550581,9.506796063481339,17.30625
B0043,129,0.06851361914788083,3.4256809573940417,0,7.093409222592422,8.947219582076908,17.178383333333333
B0043,131,0.06887402435616684,3.443701217808342,0,7.192057776504479,9.048570192927317,16.846083333333333
B0043,133,0.056544389321695726,2.8272194660847862,0,7.020826540727179,8.214832927581378,17.09531666666667
B0043,135,0.06918353164189846,3.4591765820949227,0,7.160800567147388,9.472969870923514,16.94765
B0043,139,0.059122086455436665,2.956104322771833,0,7.125807255445202,9.447247671252791,17.017983333333333
B0043,141,0.06956120084140223,3.4780600420701115,0,7.276161437071745,10.624675414528705,16.8427
B0043,143,0.07017897804376615,3.5089489021883074,0,7.0723476874628055,9.289965371994613,16.721883333333334
B0043,145,0.07028148183862523,3.5140740919312616,0,7.211729709283271,10.405043941704964,16.769783333333333
B0043,147,0.05787364202878375,2.8936821014391874,0,7.126821145688813,9.269985860917538,16.61275
B0043,151,0.07056618554293374,3.528309277146687,0,7.168249960966138,10.696409617431332,16.657033333333334
B0043,153,0.057989410208958,2.8994705104479,0,7.434058256465138,8.841145903774922,16.5039
B0043,155,0.07129266446800787,3.564633223400394,0,7.930969485581617,9.601778804173833,10.149216666666666
B0043,157,0.07146546557664281,3.5732732788321404,0,7.59327498772461,9.775871193110238,9.77865
B0043,159,0.0716254973792324,3.5812748689616205,0,7.6206831277866485,9.77507439966935,9.598700000000001
B0043,163,0.07192596356272017,3.5962981781360086,0,6.882286937183749,7.9530776238610095,17.506766666666667
B0043,167,0.058840095111364746,2.942004755568237,0,7.3351511578492685,8.70377999346024,17.345833333333335
B0043,169,0.07213853480103966,3.606926740051983,0,7.3668189489801215,10.861930060972163,16.985416666666666
B0043,171,0.07231835711877917,3.6159178559389584,0,7.9936664890195335,9.628805360691263,10.314066666666667
B0043,173,0.05938170626668099,2.9690853133340496,0,7.296477939821086,8.740129795491647,17.325783333333334
B0043,175,0.07294488485625279,3.6472442428126395,0,6.946289418376631,9.890833414808087,16.7388
B0043,179,0.07306917734079586,3.653458867039793,0,6.902633045655659,8.123599018265942,16.7625
B0043,181,0.07317054128128272,3.658527064064136,0,6.896174405116905,9.54039758015595,16.596616666666666
B0043,183,0.07347430293304898,3.673715146652449,0,7.035611200131563,8.68981677408595,16.648683333333334
B0043,185,0.06010697591831878,3.005348795915939,0,7.22435677434366,8.648121468375715,16.485683333333334
B0043,187,0.07383162509955737,3.691581254977869,0,6.990028087646541,8.766749021949757,16.32005
B0043,191,0.060495215307428206,3.0247607653714104,0,7.072814815985095,8.697295284987012,16.567183333333332
B0043,193,0.060604010237618126,3.0302005118809063,0,7.152123066131912,10.097658187656732,16.19193333333333
B0043,195,0.06073438432235217,3.0367192161176084,0,7.40243656537614,10.08193635042433,13.509383333333334
B0043,197,0.06099653048237791,3.0498265241188953,0,8.281671008133785,9.867385484495305,9.984116666666667
B0043,199,0.061130459259873135,3.0565229629936566,0,5.990209166830171,8.668191215610703,1.8179666666666667
B0043,203,0.06129124410987595,3.0645622054937975,0,6.4435194897145704,8.230234796537065,1.8195166666666664
B0043,205,0.06130329065804092,3.065164532902046,0,5.804997367748431,8.3473989032227,1.6080666666666665
B0043,207,0.061151661574090986,3.0575830787045493,0,7.064649745993309,9.566970302021362,1.8182333333333331
B0043,209,0.061405387192057306,3.0702693596028654,0,4.857763577409316,7.155555764844436,1.6151000000000002
B0043,211,0.06175780765942851,3.0878903829714255,0,6.365147956644147,8.849096539219643,1.6169166666666668
B0043,215,1.5250840516518187,76.25420258259093,0,7.784854957371514,11.059155779143234,93.47968333333333
B0043,219,1.552568811301301,77.62844056506505,0,7.677310156075022,10.464754894665266,95.05493333333334
B0043,221,1.5427752626774387,77.13876313387193,0,7.720355963617298,11.117824082083432,94.4672
B0043,223,1.5331932831264679,76.65966415632339,0,7.795012554263815,11.465947003288688,93.90078333333332
B0043,225,1.5152721949172019,75.7636097458601,0,7.802002705131443,10.672391649812306,93.03958333333334
B0043,227,1.5074989761997712,75.37494880998857,0,7.8854226977198625,11.55324188297086,92.78881666666666
B0043,231,1.4896288908647644,74.48144454323821,0,7.865599621307659,10.678188237457311,92.14088333333333
B0043,233,1.4780778852088083,73.90389426044041,0,7.840911830800532,10.67885056037868,91.88983333333334
B0043,235,1.4700035345334466,73.50017672667232,0,7.866129688953066,11.249497515672802,91.43645
B0043,237,1.4565623180137077,72.82811590068539,0,7.9393273558149495,11.637480263714385,91.03203333333333
B0043,239,1.445976962830235,72.29884814151175,0,8.020423171340544,11.797524620709758,90.63595000000001
B0043,243,1.4325855992469252,71.62927996234626,0,7.909281139740462,11.717322041018162,90.04791666666667
B0043,245,1.4197344854662965,70.98672427331482,0,7.9764627392531535,11.400146543773253,89.74063333333334
B0043,247,1.401262575071573,70.06312875357865,0,7.975220288628877,11.27412857657329,89.08098333333334
B0043,249,1.3862945308535968,69.31472654267984,0,7.919276364601211,10.939205926809544,88.41926666666667
B0043,251,1.384130256052478,69.2065128026239,0,8.087848756281263,11.469256268063758,88.07578333333332
B0043,255,1.3651743201871416,68.25871600935707,0,8.02258709983945,11.07680003582411,87.79738333333333
B0043,257,1.361508332192898,68.0754166096449,0,8.12948679263687,11.26155378961363,87.16146666666667
B0043,259,1.351001663879717,67.55008319398586,0,8.089656475775936,11.576966830401837,86.78256666666667
B0043,261,1.3282588067265129,66.41294033632565,0,8.144440591218109,11.16400609714747,86.3177
B0043,263,1.3257206687421472,66.28603343710736,0,8.231983414070719,11.988971088033125,85.73515
B0043,267,1.3142909715978441,65.71454857989221,0,8.207473278156359,11.73519417014362,85.71485
B0043,269,1.3003260094811093,65.01630047405547,0,8.189312466474622,11.299125699617386,85.16223333333333
B0043,271,1.2881071401556836,64.40535700778418,0,8.139466322876048,11.376911439849154,84.64895
B0043,273,1.2767801501201566,63.839007506007825,0,8.11394700059043,11.488807348025915,84.19453333333333
B0044,2,1.686525555152074,84.32627775760369,0,32.08333169533252,37.78004007704112,56.015366666666665
B0044,4,1.6624606531639186,83.12303265819592,0,31.44294016626267,37.37920163006831,54.823433333333334
B0044,6,1.6534010755700512,82.67005377850256,0,31.14990089807352,37.15907806475986,54.079950000000004
B0044,8,1.6452145903490936,82.26072951745468,0,31.12954746264574,37.12091726941865,53.52396666666667
B0044,10,1.635664062367341,81.78320311836706,0,31.513994261671055,37.70825289621454,52.926566666666666
B0044,14,0.0,0.0,0,30.9572734254796,35.59949904890386,44.110416666666666
B0044,16,1.6267769765146463,81.33884882573231,0,31.634787338016164,37.649599494653536,52.02786666666667
B0044,18,1.6159715504743064,80.79857752371532,0,31.273656122735403,37.14337821498799,51.71561666666666
B0044,20,1.6076028386649623,80.38014193324811,0,31.0513882525287,37.11952925248905,51.49061666666667
B0044,22,1.6003360401431612,80.01680200715806,0,30.825315603911406,36.8278472964388,51.295833333333334
B0044,26,1.5978700914991917,79.89350457495958,0,30.772306222074594,37.07362320866197,51.24791666666667
B0044,28,1.5900310265163515,79.50155132581757,0,30.77793162980491,37.27343452416563,51.03151666666667
B0044,30,1.5816311155652092,79.08155577826047,0,30.734077377574607,36.925553251530964,50.97448333333333
B0044,32,1.5714556311034702,78.5727815551735,0,30.711931701692418,36.82542072716141,50.67916666666667
B0044,34,1.563220798569978,78.1610399284989,0,30.692223526355477,36.86402084995953,50.62735
B0044,38,1.5606775388245586,78.03387694122793,0,30.656716513936473,36.854479447477715,50.74713333333333
B0044,40,1.5523886011314287,77.61943005657143,0,30.677651249958302,37.00807199261186,50.50416666666667
B0044,42,1.5444592876561967,77.22296438280983,0,30.670401222972917,36.85691194751145,50.292966666666665
B0044,44,1.536558134180655,76.82790670903275,0,30.695903900430444,36.933977837728406,50.25
B0044,46,1.5307255867941072,76.53627933970536,0,30.693601629277207,36.96952216360131,49.9909
B0044,50,1.545242808242328,77.2621404121164,0,31.3317805416781,37.880341936530016,50.914316666666664
B0044,54,1.5397144491816253,76.98572245908126,0,32.003093392777586,38.4338113726962,50.58125
B0044,56,1.5305357077773765,76.52678538886882,0,32.229129548420126,38.62527616952544,50.5
B0044,58,1.5199735224097084,75.99867612048541,0,32.11597218782517,38.54196067361033,50.19635
B0044,60,1.5136629526844203,75.68314763422102,0,31.969087731359647,38.50117611497123,49.8375
B0044,62,1.5012870006992953,75.06435003496476,0,31.87470050843518,38.43383998472231,49.670566666666666
B0044,66,1.5023814734911674,75.11907367455836,0,32.24329057966032,38.70474156110448,49.91406666666667
B0044,68,1.4980955154277502,74.9047757713875,0,32.62193857776337,39.13185799913766,49.794533333333334
B0044,70,1.4906542391377111,74.53271195688555,0,32.534721843990155,39.06117424677476,49.58516666666667
B0044,72,1.4843971639436213,74.21985819718107,0,32.315090431633784,38.900911326239694,49.22031666666667
B0044,74,1.4725321936230114,73.62660968115057,0,32.11227103017126,38.637548513661336,49.258066666666664
B0044,78,1.4663149382113208,73.31574691056603,0,31.7443365044674,38.14612160171512,49.2836
B0044,80,1.4671298468877776,73.35649234438888,0,32.11351047936838,38.41020545726171,49.13698333333333
B0044,82,1.4593858997633138,72.96929498816569,0,32.04801967333395,38.342879393411714,48.925
B0044,84,1.4467901368505207,72.33950684252603,0,31.708021910539802,37.97725957749192,48.56328333333343
B0044,86,1.4390669859638228,71.95334929819114,0,31.467203186429355,37.797055139354214,48.34505
B0044,90,1.4389892550462602,71.94946275231301,0,31.560453436032944,37.93561044482721,48.56718333333333
B0044,92,1.4386198779578576,71.93099389789288,0,31.887709097598353,38.32554543437737,48.36613333333333
B0044,94,1.4313412096653504,71.56706048326753,0,32.164811812502585,38.556109997490786,48.36223333333333
B0044,96,1.422973037663468,71.1486518831734,0,32.13295425226488,38.62165239845955,48.123450000000005
B0044,98,1.4150153099745097,70.75076549872549,0,31.75133688827036,38.18800348171553,47.698949999999996
B0044,102,0.0572172710622218,2.86086355311109,0,7.057089335323658,9.757496138930122,17.5875
B0044,106,0.0573587470253984,2.86793735126992,0,6.945113627374995,9.760471127293034,16.869783333333334
B0044,108,0.05749687545445231,2.8748437727226155,0,6.969210950143102,9.69821406411427,16.519533333333335
B0044,110,0.05763088809888528,2.881544404944264,0,7.1320933104899575,9.00106106019679,16.368233333333333
B0044,112,0.055116913339787174,2.7558456669893587,0,6.9052479876970985,8.446753567938917,17.726816666666664
B0044,115,0.06740755265748018,3.3703776328740087,0,6.719645217752847,9.004482980571387,17.794016666666668
B0044,117,0.0675676530317139,3.378382651585695,0,6.752194119869617,10.10838939092693,17.478116666666665
B0044,119,0.055637310449156464,2.781865522457823,0,6.682861474834709,9.084345421523768,17.333066666666664
B0044,121,0.06822433276106823,3.411216638053412,0,7.805372903557112,9.9732818280256,11.455466666666666
B0044,123,0.056052453431514465,2.8026226715757234,0,6.452537181339348,7.130613484534643,17.458849999999998
B0044,127,0.06868220130105056,3.434110065052528,0,6.89796196003197,9.420302039012588,17.30625
B0044,129,0.06874755353346529,3.4373776766732647,0,6.643140512754006,8.596928821276874,17.178383333333333
B0044,131,0.05651439891347486,2.8257199456737427,0,6.823596011664432,8.914167582596768,16.846083333333333
B0044,133,0.05673307185387369,2.8366535926936844,0,6.621700828774675,7.468130255797678,17.09531666666667
B0044,135,0.0694133756360175,3.470668781800875,0,6.654177389025503,9.34228820478629,16.94765
B0044,139,0.05931766444664955,2.9658832223324776,0,6.691030736897561,9.296386526511638,17.017983333333333
B0044,141,0.06981707253622738,3.4908536268113686,0,6.789742456285512,10.402010089986526,16.8427
B0044,143,0.05746435089694075,2.8732175448470376,0,6.652607169727167,9.139614420555528,16.721883333333334
B0044,145,0.07053774383993697,3.5268871919968485,0,6.727197790202005,10.577915316418856,16.769783333333333
B0044,147,0.05805466052344494,2.902733026172247,0,6.704744929431838,9.153655205612418,16.61275
B0044,151,0.07083992015291063,3.5419960076455315,0,6.688129486124422,10.601194386353557,16.657033333333334
B0044,153,0.058171836130525824,2.908591806526291,0,7.135311524033081,8.524863523744626,16.5039
B0044,155,0.05830515712798288,2.915257856399144,0,7.514206392471801,9.440256551104172,10.149216666666666
B0044,157,0.05845592669367763,2.9227963346838814,0,7.105939545905624,9.577062674735402,9.77865
B0044,159,0.05862986110638707,2.9314930553193537,0,7.121133621766568,9.571995894192735,9.598700000000001
B0044,163,0.05890033218383382,2.945016609191691,0,6.525840333846862,7.124889090041003,17.506766666666667
B0044,167,0.05906467702011044,2.953233851005522,0,7.0347000891113804,8.324153740739145,17.345833333333335
B0044,169,0.07240579982844073,3.620289991422036,0,6.8973768386013505,10.63955759206541,16.985416666666666
B0044,171,0.07255632846891659,3.6278164234458297,0,8.12797412482593,10.376173431482593,10.314066666666667
B0044,173,0.05959222988909599,2.9796114944547996,0,6.951583874586089,8.316021086973787,17.325783333333334
B0044,175,0.07321709022768585,3.6608545113842927,0,6.953046195579622,10.655557073631597,16.7388
B0044,179,0.05984100849986973,2.9920504249934865,0,6.413311987885646,7.631714348736341,16.7625
B0044,181,0.07344347056971572,3.6721735284857857,0,6.779577103952525,10.509625598200184,16.596616666666666
B0044,183,0.07373739605923264,3.686869802961632,0,6.978468873690951,9.204729619835247,16.648683333333334
B0044,185,0.06032312489727431,3.0161562448637156,0,6.809785593582902,7.96351554428054,16.485683333333334
B0044,187,0.07409611978234346,3.704805989117173,0,6.971049837313714,9.367163499816085,16.32005
B0044,191,0.060717150532954955,3.0358575266477477,0,6.579881562367587,8.36281681813677,16.567183333333332
B0044,193,0.06082844229397962,3.0414221146989813,0,6.690126647286674,9.833929266126528,16.19193333333333
B0044,195,0.060928844447982224,3.046442222399111,0,6.925009518097775,9.82294821385076,13.509383333333334
B0044,197,0.061220387365620216,3.061019368281011,0,7.831469751479567,9.64729446630716,9.984116666666667
B0044,199,0.06133677582691605,3.066838791345803,0,6.3578218287881425,8.475214897845488,1.8179666666666667
B0044,203,0.0615021959933087,3.075109799665435,0,6.5954208155010985,7.906766993792881,1.8195166666666664
B0044,205,0.0615436456229027,3.0771822811451353,0,6.324536214740793,8.628110902694925,1.6080666666666665
B0044,207,0.061368282981907545,3.068414149095377,0,7.644851838660085,9.541833690746394,1.8182333333333331
B0044,209,0.061633508888739995,3.081675444437,0,5.10818141008298,7.890349591233944,1.6151000000000002
B0044,211,0.061981030875948785,3.0990515437974393,0,6.978200107513246,9.207557697837885,1.6169166666666668
B0044,215,1.4779954511171076,73.89977255585538,0,7.831586108538486,10.171915363933092,93.47968333333333
B0044,219,1.494119871447679,74.70599357238396,0,7.730546352316417,10.296016892383854,95.05493333333334
B0044,221,1.488007820113173,74.40039100565865,0,7.787963683864436,10.396418259744522,94.4672
B0044,223,1.4748338592717107,73.74169296358554,0,7.849823078169805,10.675119900160503,93.90078333333332
B0044,225,1.4604378044785566,73.02189022392783,0,7.863220580243154,10.562265269293302,93.03958333333334
B0044,227,1.452380841576719,72.61904207883595,0,7.930106785779635,10.76625471358321,92.78881666666666
B0044,231,1.4411028883649861,72.05514441824931,0,7.888437545923743,10.911129725577434,92.14088333333333
B0044,233,1.4300355978410688,71.50177989205343,0,7.818043363205418,10.81913572086399,91.88983333333334
B0044,235,1.413943296719903,70.69716483599515,0,7.830974235734798,11.006306031992887,91.43645
B0044,237,1.3972667497450317,69.86333748725158,0,7.878562179371438,10.614675024239112,91.03203333333333
B0044,239,1.3865375876825874,69.32687938412937,0,7.960251571512366,10.78731375840829,90.63595000000001
B0044,243,1.3724753685724698,68.62376842862349,0,7.825815360855775,10.646148713943534,90.04791666666667
B0044,245,1.3598593948812812,67.99296974406406,0,7.871717073752719,10.149343674038578,89.74063333333334
B0044,247,1.3486733410392264,67.43366705196132,0,7.872850841533409,10.269672545542077,89.08098333333334
B0044,249,1.3334258933205057,66.67129466602529,0,7.787673589037049,10.511836729394169,88.41926666666667
B0044,251,1.3387793081075827,66.93896540537914,0,7.997910807563725,11.2498423901219,88.07578333333332
B0044,255,1.3153320403016995,65.76660201508497,0,7.881896352735887,10.478668312226782,87.79738333333333
B0044,257,1.322963328110081,66.14816640550404,0,8.022448822976777,11.276068425006786,87.16146666666667
B0044,259,1.3086991524155074,65.43495762077536,0,7.977920186292173,11.18488048040138,86.78256666666667
B0044,261,1.2897499583900436,64.48749791950218,0,8.016774436428086,10.572845919227095,86.3177
B0044,263,1.2906172590904164,64.53086295452081,0,8.104364904391632,11.286420953867147,85.73515
B0044,267,1.2752011253442166,63.76005626721083,0,8.021367388918382,10.532008688910055,85.71485
B0044,269,1.2686072657374579,63.43036328687289,0,8.012944452376887,10.496769408739059,85.16223333333333
B0044,271,1.2565759973225976,62.828799866129884,0,7.944197776199544,10.219372011443097,84.64895
B0044,273,1.2486254509320867,62.43127254660433,0,7.904886527570053,10.307592528834146,84.19453333333333
